trial,epochs,Min_subtype,Min subclass accuracy,Max_subtype,Max subclass accuracy
0.0,0.0,7.0,0.7291666666666666,4.0,0.9289940828402367
0.0,1.0,0.0,0.7027027027027027,5.0,0.9719626168224299
0.0,2.0,7.0,0.7604166666666666,4.0,0.9319526627218935
0.0,3.0,7.0,0.78125,4.0,0.9349112426035503
0.0,4.0,7.0,0.7864583333333334,4.0,0.9378698224852071
0.0,5.0,6.0,0.7703349282296651,4.0,0.9270216962524654
0.0,6.0,1.0,0.780564263322884,4.0,0.9595660749506904
0.0,7.0,1.0,0.7962382445141066,4.0,0.9497041420118343
0.0,8.0,1.0,0.7899686520376176,5.0,0.9532710280373832
0.0,9.0,6.0,0.7990430622009569,4.0,0.9378698224852071
0.0,10.0,1.0,0.7711598746081505,5.0,0.9719626168224299
0.0,11.0,1.0,0.7899686520376176,4.0,0.9585798816568047
0.0,12.0,6.0,0.8086124401913876,0.0,0.963963963963964
0.0,13.0,1.0,0.7899686520376176,5.0,0.9672897196261683
0.0,14.0,1.0,0.8213166144200627,0.0,0.954954954954955
0.0,15.0,1.0,0.8025078369905956,4.0,0.9546351084812623
0.0,16.0,1.0,0.7931034482758621,4.0,0.9595660749506904
0.0,17.0,7.0,0.8229166666666666,0.0,0.9459459459459459
0.0,18.0,1.0,0.8181818181818182,4.0,0.9408284023668639
0.0,19.0,7.0,0.8125,0.0,0.9369369369369369
0.0,20.0,1.0,0.7962382445141066,5.0,0.9579439252336449
0.0,21.0,1.0,0.8150470219435737,5.0,0.9485981308411215
0.0,22.0,1.0,0.799373040752351,5.0,0.9719626168224299
0.0,23.0,1.0,0.8087774294670846,5.0,0.9579439252336449
0.0,24.0,1.0,0.8338557993730408,0.0,0.9459459459459459
0.0,25.0,1.0,0.8150470219435737,5.0,0.9626168224299065
0.0,26.0,1.0,0.799373040752351,5.0,0.9719626168224299
0.0,27.0,7.0,0.828125,0.0,0.9369369369369369
0.0,28.0,1.0,0.8025078369905956,4.0,0.9437869822485208
0.0,29.0,1.0,0.8087774294670846,5.0,0.9579439252336449
0.0,30.0,1.0,0.8025078369905956,4.0,0.9516765285996055
0.0,31.0,1.0,0.8213166144200627,5.0,0.9345794392523364
0.0,32.0,1.0,0.799373040752351,4.0,0.9644970414201184
0.0,33.0,1.0,0.7962382445141066,5.0,0.9719626168224299
0.0,34.0,1.0,0.7931034482758621,5.0,0.9672897196261683
0.0,35.0,6.0,0.8038277511961722,0.0,0.9459459459459459
0.0,36.0,6.0,0.8086124401913876,0.0,0.954954954954955
0.0,37.0,1.0,0.8181818181818182,5.0,0.9485981308411215
0.0,38.0,1.0,0.8275862068965517,5.0,0.9485981308411215
0.0,39.0,1.0,0.8213166144200627,5.0,0.9439252336448598
0.0,40.0,1.0,0.8401253918495298,0.0,0.9459459459459459
0.0,41.0,1.0,0.8150470219435737,5.0,0.9579439252336449
0.0,42.0,1.0,0.8275862068965517,4.0,0.9418145956607495
0.0,43.0,1.0,0.8275862068965517,4.0,0.9358974358974359
0.0,44.0,1.0,0.8119122257053292,4.0,0.9575936883629191
0.0,45.0,1.0,0.8275862068965517,4.0,0.9388560157790927
0.0,46.0,1.0,0.8244514106583072,5.0,0.9439252336448598
0.0,47.0,1.0,0.8181818181818182,5.0,0.9626168224299065
0.0,48.0,1.0,0.799373040752351,5.0,0.9719626168224299
0.0,49.0,1.0,0.8056426332288401,4.0,0.9536489151873767
0.0,50.0,1.0,0.8056426332288401,5.0,0.9672897196261683
0.0,51.0,1.0,0.8244514106583072,5.0,0.9485981308411215
0.0,52.0,1.0,0.8275862068965517,0.0,0.9369369369369369
0.0,53.0,1.0,0.8213166144200627,5.0,0.9439252336448598
0.0,54.0,1.0,0.8213166144200627,4.0,0.9408284023668639
0.0,55.0,1.0,0.8213166144200627,5.0,0.9626168224299065
0.0,56.0,1.0,0.8275862068965517,5.0,0.9532710280373832
0.0,57.0,1.0,0.8025078369905956,5.0,0.9719626168224299
1.0,0.0,1.0,0.8463949843260188,5.0,0.9345794392523364
1.0,1.0,2.0,0.8011363636363636,5.0,0.9672897196261683
1.0,2.0,1.0,0.8181818181818182,5.0,0.9485981308411215
1.0,3.0,1.0,0.8056426332288401,5.0,0.9626168224299065
1.0,4.0,1.0,0.8275862068965517,4.0,0.9398422090729783
1.0,5.0,1.0,0.8275862068965517,4.0,0.9447731755424064
1.0,6.0,1.0,0.8056426332288401,5.0,0.9626168224299065
1.0,7.0,1.0,0.8056426332288401,5.0,0.9766355140186916
1.0,8.0,1.0,0.8181818181818182,4.0,0.9497041420118343
1.0,9.0,1.0,0.8213166144200627,5.0,0.9532710280373832
1.0,10.0,6.0,0.8277511961722488,0.0,0.9459459459459459
1.0,11.0,1.0,0.8275862068965517,5.0,0.9485981308411215
1.0,12.0,1.0,0.8150470219435737,5.0,0.9672897196261683
1.0,13.0,6.0,0.8325358851674641,4.0,0.928007889546351
1.0,14.0,1.0,0.8275862068965517,4.0,0.9497041420118343
1.0,15.0,1.0,0.7774294670846394,5.0,0.9813084112149533
1.0,16.0,1.0,0.8401253918495298,0.0,0.9459459459459459
1.0,17.0,1.0,0.8181818181818182,5.0,0.9532710280373832
1.0,18.0,2.0,0.7897727272727273,5.0,0.9766355140186916
1.0,19.0,1.0,0.8432601880877743,5.0,0.9485981308411215
1.0,20.0,1.0,0.8369905956112853,5.0,0.9485981308411215
1.0,21.0,1.0,0.8307210031347962,5.0,0.9532710280373832
1.0,22.0,1.0,0.8087774294670846,5.0,0.9626168224299065
1.0,23.0,1.0,0.8307210031347962,5.0,0.9626168224299065
1.0,24.0,1.0,0.8307210031347962,5.0,0.9439252336448598
1.0,25.0,1.0,0.8432601880877743,0.0,0.9459459459459459
1.0,26.0,1.0,0.8150470219435737,4.0,0.9625246548323472
1.0,27.0,1.0,0.8181818181818182,5.0,0.9485981308411215
1.0,28.0,6.0,0.8277511961722488,0.0,0.963963963963964
1.0,29.0,1.0,0.8025078369905956,5.0,0.9719626168224299
1.0,30.0,1.0,0.8119122257053292,4.0,0.9575936883629191
1.0,31.0,1.0,0.8056426332288401,4.0,0.9635108481262328
1.0,32.0,1.0,0.8495297805642633,0.0,0.9369369369369369
1.0,33.0,1.0,0.8119122257053292,5.0,0.9532710280373832
1.0,34.0,1.0,0.8369905956112853,4.0,0.9388560157790927
1.0,35.0,1.0,0.8526645768025078,0.0,0.954954954954955
1.0,36.0,1.0,0.8244514106583072,5.0,0.9626168224299065
1.0,37.0,1.0,0.8244514106583072,5.0,0.9485981308411215
1.0,38.0,1.0,0.8244514106583072,5.0,0.9579439252336449
1.0,39.0,1.0,0.8401253918495298,5.0,0.9392523364485982
1.0,40.0,7.0,0.8177083333333334,0.0,0.954954954954955
1.0,41.0,1.0,0.8307210031347962,5.0,0.9485981308411215
1.0,42.0,1.0,0.8338557993730408,4.0,0.9487179487179487
1.0,43.0,1.0,0.8307210031347962,5.0,0.9485981308411215
1.0,44.0,1.0,0.8338557993730408,5.0,0.9532710280373832
1.0,45.0,1.0,0.8181818181818182,5.0,0.9579439252336449
1.0,46.0,1.0,0.8150470219435737,5.0,0.9579439252336449
1.0,47.0,1.0,0.8213166144200627,5.0,0.9626168224299065
1.0,48.0,1.0,0.8275862068965517,4.0,0.9477317554240631
1.0,49.0,1.0,0.8244514106583072,5.0,0.9485981308411215
1.0,50.0,1.0,0.8307210031347962,0.0,0.9459459459459459
1.0,51.0,1.0,0.8432601880877743,4.0,0.9358974358974359
1.0,52.0,1.0,0.8275862068965517,5.0,0.9579439252336449
1.0,53.0,1.0,0.8369905956112853,4.0,0.9477317554240631
1.0,54.0,1.0,0.8181818181818182,5.0,0.9532710280373832
1.0,55.0,1.0,0.8432601880877743,4.0,0.9477317554240631
1.0,56.0,1.0,0.8432601880877743,4.0,0.9428007889546351
1.0,57.0,1.0,0.8244514106583072,4.0,0.9487179487179487
2.0,0.0,1.0,0.8338557993730408,5.0,0.9532710280373832
2.0,1.0,1.0,0.8119122257053292,5.0,0.9626168224299065
2.0,2.0,1.0,0.8181818181818182,5.0,0.9532710280373832
2.0,3.0,1.0,0.8275862068965517,5.0,0.9626168224299065
2.0,4.0,7.0,0.828125,3.0,0.9492753623188406
2.0,5.0,1.0,0.8056426332288401,5.0,0.9672897196261683
2.0,6.0,1.0,0.8213166144200627,4.0,0.9536489151873767
2.0,7.0,1.0,0.8087774294670846,4.0,0.9674556213017751
2.0,8.0,1.0,0.8087774294670846,4.0,0.9674556213017751
2.0,9.0,1.0,0.8150470219435737,4.0,0.9585798816568047
2.0,10.0,1.0,0.8119122257053292,5.0,0.9626168224299065
2.0,11.0,1.0,0.8338557993730408,5.0,0.9579439252336449
2.0,12.0,1.0,0.8213166144200627,5.0,0.9532710280373832
2.0,13.0,1.0,0.8432601880877743,5.0,0.9439252336448598
2.0,14.0,1.0,0.8150470219435737,4.0,0.9497041420118343
2.0,15.0,1.0,0.8495297805642633,5.0,0.9439252336448598
2.0,16.0,1.0,0.8369905956112853,5.0,0.9532710280373832
2.0,17.0,1.0,0.8213166144200627,5.0,0.9485981308411215
2.0,18.0,1.0,0.8369905956112853,5.0,0.9439252336448598
2.0,19.0,1.0,0.8181818181818182,5.0,0.9579439252336449
2.0,20.0,1.0,0.8244514106583072,4.0,0.9536489151873767
2.0,21.0,1.0,0.8213166144200627,4.0,0.9516765285996055
2.0,22.0,1.0,0.8150470219435737,4.0,0.9664694280078896
2.0,23.0,1.0,0.8338557993730408,5.0,0.9532710280373832
2.0,24.0,1.0,0.8213166144200627,5.0,0.9579439252336449
2.0,25.0,1.0,0.8307210031347962,5.0,0.9532710280373832
2.0,26.0,1.0,0.8307210031347962,4.0,0.9457593688362919
2.0,27.0,1.0,0.8181818181818182,4.0,0.960552268244576
2.0,28.0,1.0,0.8463949843260188,5.0,0.9485981308411215
2.0,29.0,1.0,0.8213166144200627,5.0,0.9579439252336449
2.0,30.0,1.0,0.8119122257053292,5.0,0.9672897196261683
2.0,31.0,1.0,0.8244514106583072,5.0,0.9485981308411215
2.0,32.0,1.0,0.8369905956112853,5.0,0.9439252336448598
2.0,33.0,1.0,0.8432601880877743,0.0,0.9369369369369369
2.0,34.0,1.0,0.8275862068965517,5.0,0.9672897196261683
2.0,35.0,1.0,0.8087774294670846,4.0,0.9595660749506904
2.0,36.0,1.0,0.8213166144200627,4.0,0.9536489151873767
2.0,37.0,1.0,0.8150470219435737,4.0,0.9575936883629191
2.0,38.0,1.0,0.8338557993730408,5.0,0.9626168224299065
2.0,39.0,1.0,0.8275862068965517,4.0,0.9487179487179487
2.0,40.0,1.0,0.8307210031347962,4.0,0.9388560157790927
2.0,41.0,1.0,0.8213166144200627,5.0,0.9626168224299065
2.0,42.0,2.0,0.7897727272727273,5.0,0.9719626168224299
2.0,43.0,1.0,0.8275862068965517,5.0,0.9579439252336449
2.0,44.0,1.0,0.8369905956112853,5.0,0.9439252336448598
2.0,45.0,1.0,0.8401253918495298,0.0,0.954954954954955
2.0,46.0,1.0,0.8557993730407524,5.0,0.9439252336448598
2.0,47.0,1.0,0.8056426332288401,5.0,0.9719626168224299
2.0,48.0,1.0,0.8181818181818182,5.0,0.9672897196261683
2.0,49.0,1.0,0.8401253918495298,5.0,0.9532710280373832
2.0,50.0,1.0,0.8463949843260188,5.0,0.9439252336448598
2.0,51.0,1.0,0.8213166144200627,5.0,0.9672897196261683
2.0,52.0,6.0,0.84688995215311,5.0,0.9345794392523364
2.0,53.0,1.0,0.8401253918495298,5.0,0.9579439252336449
2.0,54.0,1.0,0.8150470219435737,4.0,0.9585798816568047
2.0,55.0,1.0,0.8338557993730408,5.0,0.9485981308411215
2.0,56.0,1.0,0.8307210031347962,5.0,0.9579439252336449
2.0,57.0,1.0,0.8307210031347962,5.0,0.9579439252336449
3.0,0.0,1.0,0.8213166144200627,4.0,0.9546351084812623
3.0,1.0,1.0,0.8463949843260188,0.0,0.9459459459459459
3.0,2.0,1.0,0.8275862068965517,5.0,0.9579439252336449
3.0,3.0,1.0,0.8181818181818182,5.0,0.9672897196261683
3.0,4.0,7.0,0.7916666666666666,3.0,0.9637681159420289
3.0,5.0,1.0,0.8244514106583072,5.0,0.9485981308411215
3.0,6.0,1.0,0.8181818181818182,5.0,0.9672897196261683
3.0,7.0,1.0,0.8401253918495298,5.0,0.9485981308411215
3.0,8.0,1.0,0.8181818181818182,5.0,0.9579439252336449
3.0,9.0,1.0,0.8150470219435737,5.0,0.9626168224299065
3.0,10.0,7.0,0.8385416666666666,3.0,0.9492753623188406
3.0,11.0,6.0,0.8421052631578947,5.0,0.9532710280373832
3.0,12.0,1.0,0.8244514106583072,5.0,0.9579439252336449
3.0,13.0,1.0,0.8213166144200627,5.0,0.9672897196261683
3.0,14.0,1.0,0.8401253918495298,0.0,0.9459459459459459
3.0,15.0,7.0,0.84375,3.0,0.9492753623188406
3.0,16.0,1.0,0.8369905956112853,4.0,0.9447731755424064
3.0,17.0,1.0,0.8275862068965517,5.0,0.9532710280373832
3.0,18.0,1.0,0.8275862068965517,5.0,0.9626168224299065
3.0,19.0,1.0,0.8526645768025078,5.0,0.9392523364485982
3.0,20.0,1.0,0.8244514106583072,5.0,0.9626168224299065
3.0,21.0,1.0,0.8369905956112853,0.0,0.9369369369369369
3.0,22.0,1.0,0.8119122257053292,5.0,0.9672897196261683
3.0,23.0,6.0,0.8373205741626795,0.0,0.9369369369369369
3.0,24.0,1.0,0.8401253918495298,5.0,0.9532710280373832
3.0,25.0,1.0,0.8557993730407524,4.0,0.9447731755424064
3.0,26.0,1.0,0.8150470219435737,4.0,0.9684418145956607
3.0,27.0,7.0,0.84375,0.0,0.954954954954955
3.0,28.0,1.0,0.8213166144200627,5.0,0.9626168224299065
3.0,29.0,1.0,0.8307210031347962,5.0,0.9626168224299065
3.0,30.0,1.0,0.8369905956112853,4.0,0.9467455621301775
3.0,31.0,1.0,0.8401253918495298,4.0,0.9437869822485208
3.0,32.0,1.0,0.8150470219435737,4.0,0.960552268244576
3.0,33.0,1.0,0.8056426332288401,4.0,0.9684418145956607
3.0,34.0,1.0,0.8495297805642633,0.0,0.9459459459459459
3.0,35.0,1.0,0.8150470219435737,4.0,0.9644970414201184
3.0,36.0,1.0,0.8150470219435737,5.0,0.9672897196261683
3.0,37.0,1.0,0.8119122257053292,5.0,0.9672897196261683
3.0,38.0,1.0,0.8526645768025078,5.0,0.9485981308411215
3.0,39.0,1.0,0.8150470219435737,5.0,0.9579439252336449
3.0,40.0,1.0,0.8244514106583072,4.0,0.9694280078895463
3.0,41.0,1.0,0.8244514106583072,5.0,0.9579439252336449
3.0,42.0,1.0,0.8244514106583072,5.0,0.9532710280373832
3.0,43.0,6.0,0.84688995215311,4.0,0.9388560157790927
3.0,44.0,1.0,0.8150470219435737,5.0,0.9579439252336449
3.0,45.0,1.0,0.8244514106583072,4.0,0.960552268244576
3.0,46.0,1.0,0.8432601880877743,5.0,0.9579439252336449
3.0,47.0,1.0,0.8213166144200627,5.0,0.9672897196261683
3.0,48.0,1.0,0.8307210031347962,4.0,0.9536489151873767
3.0,49.0,1.0,0.8307210031347962,5.0,0.9532710280373832
3.0,50.0,1.0,0.8463949843260188,5.0,0.9345794392523364
3.0,51.0,1.0,0.8244514106583072,5.0,0.9579439252336449
3.0,52.0,1.0,0.8275862068965517,5.0,0.9579439252336449
3.0,53.0,1.0,0.8338557993730408,5.0,0.9532710280373832
3.0,54.0,1.0,0.8432601880877743,5.0,0.9439252336448598
3.0,55.0,1.0,0.8338557993730408,5.0,0.9579439252336449
3.0,56.0,1.0,0.8150470219435737,5.0,0.9626168224299065
3.0,57.0,1.0,0.8338557993730408,5.0,0.9532710280373832
4.0,0.0,1.0,0.8150470219435737,5.0,0.9626168224299065
4.0,1.0,1.0,0.8119122257053292,5.0,0.9672897196261683
4.0,2.0,1.0,0.8181818181818182,5.0,0.9672897196261683
4.0,3.0,6.0,0.8421052631578947,0.0,0.9369369369369369
4.0,4.0,1.0,0.8338557993730408,5.0,0.9485981308411215
4.0,5.0,1.0,0.8463949843260188,5.0,0.9485981308411215
4.0,6.0,1.0,0.8369905956112853,4.0,0.9516765285996055
4.0,7.0,1.0,0.8307210031347962,5.0,0.9626168224299065
4.0,8.0,1.0,0.8275862068965517,5.0,0.9626168224299065
4.0,9.0,1.0,0.8307210031347962,4.0,0.9536489151873767
4.0,10.0,1.0,0.8526645768025078,0.0,0.9459459459459459
4.0,11.0,1.0,0.786833855799373,5.0,0.9766355140186916
4.0,12.0,6.0,0.8564593301435407,0.0,0.954954954954955
4.0,13.0,1.0,0.8338557993730408,5.0,0.9485981308411215
4.0,14.0,1.0,0.8369905956112853,4.0,0.9467455621301775
4.0,15.0,7.0,0.8385416666666666,5.0,0.9392523364485982
4.0,16.0,1.0,0.8307210031347962,5.0,0.9579439252336449
4.0,17.0,1.0,0.8432601880877743,4.0,0.9467455621301775
4.0,18.0,1.0,0.8275862068965517,5.0,0.9579439252336449
4.0,19.0,1.0,0.8025078369905956,5.0,0.9766355140186916
4.0,20.0,1.0,0.8432601880877743,5.0,0.9579439252336449
4.0,21.0,1.0,0.8495297805642633,5.0,0.9439252336448598
4.0,22.0,1.0,0.8181818181818182,4.0,0.965483234714004
4.0,23.0,1.0,0.8557993730407524,0.0,0.9369369369369369
4.0,24.0,7.0,0.84375,5.0,0.9392523364485982
4.0,25.0,1.0,0.8181818181818182,5.0,0.9672897196261683
4.0,26.0,1.0,0.8463949843260188,5.0,0.9439252336448598
4.0,27.0,6.0,0.8229665071770335,3.0,0.9492753623188406
4.0,28.0,1.0,0.8432601880877743,4.0,0.9447731755424064
4.0,29.0,1.0,0.8244514106583072,5.0,0.9672897196261683
4.0,30.0,1.0,0.8119122257053292,4.0,0.965483234714004
4.0,31.0,1.0,0.8181818181818182,4.0,0.965483234714004
4.0,32.0,1.0,0.8275862068965517,5.0,0.9532710280373832
4.0,33.0,1.0,0.8369905956112853,5.0,0.9485981308411215
4.0,34.0,7.0,0.8489583333333334,5.0,0.9439252336448598
4.0,35.0,1.0,0.8150470219435737,4.0,0.9635108481262328
4.0,36.0,1.0,0.8463949843260188,5.0,0.9392523364485982
4.0,37.0,1.0,0.8307210031347962,4.0,0.960552268244576
4.0,38.0,1.0,0.8432601880877743,5.0,0.9439252336448598
4.0,39.0,1.0,0.8369905956112853,5.0,0.9532710280373832
4.0,40.0,1.0,0.8369905956112853,5.0,0.9485981308411215
4.0,41.0,1.0,0.8463949843260188,5.0,0.9485981308411215
4.0,42.0,1.0,0.8244514106583072,4.0,0.9546351084812623
4.0,43.0,6.0,0.8516746411483254,3.0,0.9420289855072463
4.0,44.0,1.0,0.8432601880877743,4.0,0.9447731755424064
4.0,45.0,1.0,0.8401253918495298,5.0,0.9485981308411215
4.0,46.0,1.0,0.8244514106583072,5.0,0.9626168224299065
4.0,47.0,1.0,0.8401253918495298,5.0,0.9579439252336449
4.0,48.0,1.0,0.8338557993730408,4.0,0.9536489151873767
4.0,49.0,6.0,0.8564593301435407,0.0,0.9459459459459459
4.0,50.0,1.0,0.8401253918495298,5.0,0.9532710280373832
4.0,51.0,1.0,0.8307210031347962,5.0,0.9626168224299065
4.0,52.0,1.0,0.8401253918495298,5.0,0.9532710280373832
4.0,53.0,1.0,0.8369905956112853,4.0,0.9457593688362919
4.0,54.0,1.0,0.8307210031347962,5.0,0.9579439252336449
4.0,55.0,1.0,0.8275862068965517,5.0,0.9672897196261683
4.0,56.0,1.0,0.8369905956112853,5.0,0.9532710280373832
4.0,57.0,1.0,0.8432601880877743,4.0,0.9398422090729783
5.0,0.0,1.0,0.8401253918495298,5.0,0.9532710280373832
5.0,1.0,1.0,0.8244514106583072,4.0,0.9644970414201184
5.0,2.0,1.0,0.8275862068965517,4.0,0.960552268244576
5.0,3.0,1.0,0.8401253918495298,3.0,0.9420289855072463
5.0,4.0,1.0,0.8213166144200627,4.0,0.9575936883629191
5.0,5.0,1.0,0.8150470219435737,4.0,0.9595660749506904
5.0,6.0,1.0,0.8369905956112853,5.0,0.9439252336448598
5.0,7.0,1.0,0.8244514106583072,5.0,0.9579439252336449
5.0,8.0,1.0,0.8369905956112853,4.0,0.9516765285996055
5.0,9.0,1.0,0.8275862068965517,5.0,0.9579439252336449
5.0,10.0,1.0,0.8150470219435737,4.0,0.9615384615384616
5.0,11.0,1.0,0.8401253918495298,0.0,0.9369369369369369
5.0,12.0,1.0,0.8307210031347962,4.0,0.9526627218934911
5.0,13.0,1.0,0.8401253918495298,5.0,0.9626168224299065
5.0,14.0,1.0,0.8369905956112853,4.0,0.9506903353057199
5.0,15.0,1.0,0.8369905956112853,5.0,0.9579439252336449
5.0,16.0,1.0,0.8150470219435737,4.0,0.960552268244576
5.0,17.0,1.0,0.8307210031347962,5.0,0.9579439252336449
5.0,18.0,1.0,0.8307210031347962,4.0,0.9585798816568047
5.0,19.0,1.0,0.8369905956112853,5.0,0.9485981308411215
5.0,20.0,1.0,0.8244514106583072,4.0,0.9595660749506904
5.0,21.0,1.0,0.8244514106583072,4.0,0.9595660749506904
5.0,22.0,1.0,0.8181818181818182,5.0,0.9672897196261683
5.0,23.0,1.0,0.8244514106583072,5.0,0.9532710280373832
5.0,24.0,1.0,0.8213166144200627,5.0,0.9626168224299065
5.0,25.0,1.0,0.8369905956112853,5.0,0.9439252336448598
5.0,26.0,1.0,0.8401253918495298,5.0,0.9485981308411215
5.0,27.0,1.0,0.8307210031347962,4.0,0.9566074950690335
5.0,28.0,1.0,0.8275862068965517,5.0,0.9579439252336449
5.0,29.0,1.0,0.8401253918495298,5.0,0.9485981308411215
5.0,30.0,1.0,0.8338557993730408,5.0,0.9532710280373832
5.0,31.0,1.0,0.8275862068965517,5.0,0.9532710280373832
5.0,32.0,1.0,0.8401253918495298,5.0,0.9532710280373832
5.0,33.0,1.0,0.8432601880877743,4.0,0.9378698224852071
5.0,34.0,1.0,0.8307210031347962,5.0,0.9532710280373832
5.0,35.0,1.0,0.8401253918495298,5.0,0.9532710280373832
5.0,36.0,1.0,0.8150470219435737,4.0,0.9585798816568047
5.0,37.0,1.0,0.8369905956112853,5.0,0.9532710280373832
5.0,38.0,1.0,0.8432601880877743,0.0,0.9459459459459459
5.0,39.0,1.0,0.8338557993730408,5.0,0.9485981308411215
5.0,40.0,6.0,0.8373205741626795,0.0,0.9369369369369369
5.0,41.0,1.0,0.8338557993730408,5.0,0.9579439252336449
5.0,42.0,1.0,0.8401253918495298,5.0,0.9392523364485982
5.0,43.0,1.0,0.8181818181818182,5.0,0.9626168224299065
5.0,44.0,1.0,0.8275862068965517,5.0,0.9672897196261683
5.0,45.0,1.0,0.8307210031347962,5.0,0.9532710280373832
5.0,46.0,1.0,0.8244514106583072,4.0,0.9635108481262328
5.0,47.0,1.0,0.8369905956112853,4.0,0.9575936883629191
5.0,48.0,1.0,0.8307210031347962,5.0,0.9532710280373832
5.0,49.0,1.0,0.8463949843260188,4.0,0.9418145956607495
5.0,50.0,1.0,0.8338557993730408,5.0,0.9532710280373832
5.0,51.0,1.0,0.8401253918495298,5.0,0.9579439252336449
5.0,52.0,1.0,0.8401253918495298,5.0,0.9532710280373832
5.0,53.0,1.0,0.8495297805642633,0.0,0.9459459459459459
5.0,54.0,1.0,0.8275862068965517,5.0,0.9626168224299065
5.0,55.0,1.0,0.8526645768025078,5.0,0.9392523364485982
5.0,56.0,1.0,0.8432601880877743,5.0,0.9485981308411215
5.0,57.0,1.0,0.8338557993730408,5.0,0.9579439252336449
6.0,0.0,1.0,0.8401253918495298,5.0,0.9439252336448598
6.0,1.0,1.0,0.8119122257053292,4.0,0.9714003944773175
6.0,2.0,1.0,0.8369905956112853,4.0,0.9575936883629191
6.0,3.0,1.0,0.8338557993730408,5.0,0.9532710280373832
6.0,4.0,1.0,0.8307210031347962,5.0,0.9532710280373832
6.0,5.0,1.0,0.8244514106583072,4.0,0.9664694280078896
6.0,6.0,1.0,0.8369905956112853,5.0,0.9579439252336449
6.0,7.0,1.0,0.8401253918495298,5.0,0.9579439252336449
6.0,8.0,1.0,0.8025078369905956,4.0,0.97534516765286
6.0,9.0,1.0,0.8401253918495298,5.0,0.9485981308411215
6.0,10.0,1.0,0.8463949843260188,5.0,0.9439252336448598
6.0,11.0,1.0,0.8557993730407524,0.0,0.9369369369369369
6.0,12.0,1.0,0.8338557993730408,5.0,0.9579439252336449
6.0,13.0,1.0,0.8557993730407524,5.0,0.9532710280373832
6.0,14.0,1.0,0.8526645768025078,5.0,0.9485981308411215
6.0,15.0,1.0,0.8087774294670846,4.0,0.9674556213017751
6.0,16.0,1.0,0.8338557993730408,5.0,0.9579439252336449
6.0,17.0,1.0,0.8338557993730408,4.0,0.9674556213017751
6.0,18.0,1.0,0.8589341692789969,0.0,0.9369369369369369
6.0,19.0,1.0,0.8338557993730408,5.0,0.9579439252336449
6.0,20.0,1.0,0.8119122257053292,4.0,0.9704142011834319
6.0,21.0,1.0,0.8275862068965517,4.0,0.9585798816568047
6.0,22.0,1.0,0.8244514106583072,4.0,0.9556213017751479
6.0,23.0,1.0,0.8338557993730408,5.0,0.9485981308411215
6.0,24.0,1.0,0.8369905956112853,5.0,0.9532710280373832
6.0,25.0,6.0,0.861244019138756,4.0,0.928007889546351
6.0,26.0,1.0,0.8526645768025078,4.0,0.9477317554240631
6.0,27.0,1.0,0.8369905956112853,4.0,0.9516765285996055
6.0,28.0,6.0,0.8516746411483254,0.0,0.9369369369369369
6.0,29.0,1.0,0.8307210031347962,5.0,0.9626168224299065
6.0,30.0,1.0,0.8244514106583072,4.0,0.9625246548323472
6.0,31.0,6.0,0.84688995215311,0.0,0.9459459459459459
6.0,32.0,1.0,0.8432601880877743,5.0,0.9579439252336449
6.0,33.0,1.0,0.8275862068965517,5.0,0.9579439252336449
6.0,34.0,1.0,0.8119122257053292,5.0,0.9719626168224299
6.0,35.0,1.0,0.8338557993730408,4.0,0.9546351084812623
6.0,36.0,1.0,0.8526645768025078,5.0,0.9626168224299065
6.0,37.0,1.0,0.8526645768025078,5.0,0.9532710280373832
6.0,38.0,1.0,0.8275862068965517,5.0,0.9626168224299065
6.0,39.0,1.0,0.8369905956112853,4.0,0.9536489151873767
6.0,40.0,1.0,0.8181818181818182,5.0,0.9766355140186916
6.0,41.0,1.0,0.8463949843260188,5.0,0.9532710280373832
6.0,42.0,1.0,0.8401253918495298,5.0,0.9532710280373832
6.0,43.0,1.0,0.8526645768025078,0.0,0.9369369369369369
6.0,44.0,1.0,0.8432601880877743,5.0,0.9579439252336449
6.0,45.0,1.0,0.8557993730407524,5.0,0.9439252336448598
6.0,46.0,1.0,0.8526645768025078,4.0,0.9428007889546351
6.0,47.0,1.0,0.8307210031347962,5.0,0.9719626168224299
6.0,48.0,1.0,0.8369905956112853,5.0,0.9532710280373832
6.0,49.0,1.0,0.8495297805642633,5.0,0.9579439252336449
6.0,50.0,1.0,0.8401253918495298,5.0,0.9485981308411215
6.0,51.0,1.0,0.8432601880877743,4.0,0.9585798816568047
6.0,52.0,1.0,0.8495297805642633,5.0,0.9485981308411215
6.0,53.0,1.0,0.8495297805642633,4.0,0.9447731755424064
6.0,54.0,1.0,0.8307210031347962,5.0,0.9626168224299065
6.0,55.0,1.0,0.8432601880877743,5.0,0.9579439252336449
6.0,56.0,1.0,0.8526645768025078,0.0,0.9459459459459459
6.0,57.0,1.0,0.8307210031347962,5.0,0.9579439252336449
7.0,0.0,1.0,0.8463949843260188,5.0,0.9485981308411215
7.0,1.0,1.0,0.8432601880877743,5.0,0.9626168224299065
7.0,2.0,1.0,0.8307210031347962,5.0,0.9626168224299065
7.0,3.0,1.0,0.8620689655172413,4.0,0.9418145956607495
7.0,4.0,7.0,0.8489583333333334,0.0,0.954954954954955
7.0,5.0,1.0,0.8025078369905956,4.0,0.9714003944773175
7.0,6.0,1.0,0.8463949843260188,5.0,0.9485981308411215
7.0,7.0,1.0,0.8181818181818182,4.0,0.9625246548323472
7.0,8.0,1.0,0.8463949843260188,5.0,0.9532710280373832
7.0,9.0,1.0,0.8307210031347962,4.0,0.9487179487179487
7.0,10.0,1.0,0.8526645768025078,5.0,0.9485981308411215
7.0,11.0,1.0,0.8463949843260188,5.0,0.9532710280373832
7.0,12.0,1.0,0.8463949843260188,5.0,0.9485981308411215
7.0,13.0,1.0,0.8401253918495298,5.0,0.9579439252336449
7.0,14.0,1.0,0.8526645768025078,5.0,0.9485981308411215
7.0,15.0,6.0,0.861244019138756,0.0,0.9459459459459459
7.0,16.0,1.0,0.8401253918495298,4.0,0.9536489151873767
7.0,17.0,1.0,0.8369905956112853,4.0,0.9615384615384616
7.0,18.0,1.0,0.8087774294670846,5.0,0.9766355140186916
7.0,19.0,1.0,0.8338557993730408,5.0,0.9485981308411215
7.0,20.0,1.0,0.8401253918495298,5.0,0.9532710280373832
7.0,21.0,1.0,0.8307210031347962,5.0,0.9766355140186916
7.0,22.0,1.0,0.8401253918495298,4.0,0.9536489151873767
7.0,23.0,1.0,0.8181818181818182,5.0,0.9766355140186916
7.0,24.0,1.0,0.8526645768025078,4.0,0.9457593688362919
7.0,25.0,1.0,0.8401253918495298,5.0,0.9626168224299065
7.0,26.0,1.0,0.8432601880877743,5.0,0.9672897196261683
7.0,27.0,1.0,0.8307210031347962,4.0,0.9664694280078896
7.0,28.0,1.0,0.8369905956112853,5.0,0.9579439252336449
7.0,29.0,1.0,0.8213166144200627,4.0,0.9704142011834319
7.0,30.0,1.0,0.8432601880877743,4.0,0.9487179487179487
7.0,31.0,1.0,0.8244514106583072,4.0,0.9526627218934911
7.0,32.0,1.0,0.8620689655172413,5.0,0.9439252336448598
7.0,33.0,1.0,0.8463949843260188,5.0,0.9579439252336449
7.0,34.0,1.0,0.8432601880877743,4.0,0.9487179487179487
7.0,35.0,1.0,0.8432601880877743,4.0,0.9585798816568047
7.0,36.0,1.0,0.8463949843260188,5.0,0.9532710280373832
7.0,37.0,1.0,0.8244514106583072,5.0,0.9719626168224299
7.0,38.0,1.0,0.8244514106583072,4.0,0.9635108481262328
7.0,39.0,1.0,0.8338557993730408,5.0,0.9626168224299065
7.0,40.0,1.0,0.8150470219435737,4.0,0.9733727810650887
7.0,41.0,6.0,0.8229665071770335,0.0,0.954954954954955
7.0,42.0,1.0,0.8401253918495298,5.0,0.9532710280373832
7.0,43.0,1.0,0.8244514106583072,5.0,0.9626168224299065
7.0,44.0,1.0,0.8401253918495298,5.0,0.9532710280373832
7.0,45.0,7.0,0.8385416666666666,5.0,0.9485981308411215
7.0,46.0,1.0,0.8369905956112853,4.0,0.960552268244576
7.0,47.0,1.0,0.8401253918495298,5.0,0.9532710280373832
7.0,48.0,1.0,0.8557993730407524,5.0,0.9532710280373832
7.0,49.0,1.0,0.8307210031347962,4.0,0.9644970414201184
7.0,50.0,1.0,0.8150470219435737,5.0,0.9672897196261683
7.0,51.0,1.0,0.8401253918495298,4.0,0.9536489151873767
7.0,52.0,1.0,0.8463949843260188,5.0,0.9485981308411215
7.0,53.0,1.0,0.8432601880877743,4.0,0.9447731755424064
7.0,54.0,1.0,0.8557993730407524,5.0,0.9439252336448598
7.0,55.0,1.0,0.8432601880877743,5.0,0.9532710280373832
7.0,56.0,1.0,0.8432601880877743,5.0,0.9626168224299065
7.0,57.0,1.0,0.8432601880877743,5.0,0.9485981308411215
8.0,0.0,1.0,0.8557993730407524,5.0,0.9485981308411215
8.0,1.0,1.0,0.8589341692789969,4.0,0.9408284023668639
8.0,2.0,1.0,0.8338557993730408,4.0,0.9635108481262328
8.0,3.0,1.0,0.8275862068965517,5.0,0.9672897196261683
8.0,4.0,1.0,0.8495297805642633,5.0,0.9532710280373832
8.0,5.0,6.0,0.8516746411483254,0.0,0.9369369369369369
8.0,6.0,1.0,0.8495297805642633,5.0,0.9485981308411215
8.0,7.0,1.0,0.8463949843260188,5.0,0.9439252336448598
8.0,8.0,1.0,0.8338557993730408,5.0,0.9532710280373832
8.0,9.0,1.0,0.8338557993730408,5.0,0.9579439252336449
8.0,10.0,1.0,0.8526645768025078,5.0,0.9485981308411215
8.0,11.0,1.0,0.8495297805642633,4.0,0.9497041420118343
8.0,12.0,1.0,0.8432601880877743,5.0,0.9672897196261683
8.0,13.0,1.0,0.8307210031347962,5.0,0.9579439252336449
8.0,14.0,1.0,0.8432601880877743,5.0,0.9626168224299065
8.0,15.0,1.0,0.8369905956112853,5.0,0.9626168224299065
8.0,16.0,1.0,0.8244514106583072,4.0,0.9714003944773175
8.0,17.0,1.0,0.8369905956112853,5.0,0.9579439252336449
8.0,18.0,1.0,0.8369905956112853,5.0,0.9579439252336449
8.0,19.0,7.0,0.8489583333333334,0.0,0.9369369369369369
8.0,20.0,1.0,0.8401253918495298,5.0,0.9672897196261683
8.0,21.0,1.0,0.8369905956112853,5.0,0.9672897196261683
8.0,22.0,1.0,0.8401253918495298,5.0,0.9579439252336449
8.0,23.0,7.0,0.84375,3.0,0.9420289855072463
8.0,24.0,1.0,0.8338557993730408,4.0,0.9595660749506904
8.0,25.0,1.0,0.8369905956112853,5.0,0.9532710280373832
8.0,26.0,1.0,0.8432601880877743,5.0,0.9579439252336449
8.0,27.0,1.0,0.8244514106583072,5.0,0.9719626168224299
8.0,28.0,1.0,0.8181818181818182,5.0,0.9766355140186916
8.0,29.0,1.0,0.8244514106583072,5.0,0.9626168224299065
8.0,30.0,1.0,0.8432601880877743,5.0,0.9579439252336449
8.0,31.0,1.0,0.8432601880877743,5.0,0.9532710280373832
8.0,32.0,1.0,0.8557993730407524,5.0,0.9579439252336449
8.0,33.0,1.0,0.8463949843260188,5.0,0.9485981308411215
8.0,34.0,1.0,0.8463949843260188,5.0,0.9579439252336449
8.0,35.0,1.0,0.8495297805642633,5.0,0.9485981308411215
8.0,36.0,1.0,0.8432601880877743,5.0,0.9532710280373832
8.0,37.0,1.0,0.8401253918495298,5.0,0.9579439252336449
8.0,38.0,1.0,0.8495297805642633,5.0,0.9579439252336449
8.0,39.0,1.0,0.8119122257053292,4.0,0.9694280078895463
8.0,40.0,1.0,0.8275862068965517,5.0,0.9626168224299065
8.0,41.0,1.0,0.8338557993730408,5.0,0.9672897196261683
8.0,42.0,1.0,0.8432601880877743,5.0,0.9532710280373832
8.0,43.0,1.0,0.8338557993730408,5.0,0.9579439252336449
8.0,44.0,6.0,0.861244019138756,0.0,0.9369369369369369
8.0,45.0,1.0,0.8495297805642633,5.0,0.9626168224299065
8.0,46.0,1.0,0.8432601880877743,5.0,0.9532710280373832
8.0,47.0,1.0,0.8463949843260188,5.0,0.9532710280373832
8.0,48.0,6.0,0.8564593301435407,5.0,0.9439252336448598
8.0,49.0,1.0,0.8652037617554859,5.0,0.9439252336448598
8.0,50.0,1.0,0.8463949843260188,5.0,0.9532710280373832
8.0,51.0,1.0,0.8401253918495298,5.0,0.9579439252336449
8.0,52.0,7.0,0.8541666666666666,4.0,0.9398422090729783
8.0,53.0,1.0,0.8275862068965517,5.0,0.9672897196261683
8.0,54.0,1.0,0.8401253918495298,5.0,0.9532710280373832
8.0,55.0,1.0,0.8181818181818182,5.0,0.9719626168224299
8.0,56.0,1.0,0.8495297805642633,5.0,0.9532710280373832
8.0,57.0,1.0,0.8652037617554859,5.0,0.9439252336448598
9.0,0.0,1.0,0.8620689655172413,5.0,0.9579439252336449
9.0,1.0,1.0,0.8307210031347962,4.0,0.9694280078895463
9.0,2.0,1.0,0.8620689655172413,5.0,0.9532710280373832
9.0,3.0,1.0,0.8401253918495298,4.0,0.9566074950690335
9.0,4.0,1.0,0.8589341692789969,5.0,0.9532710280373832
9.0,5.0,1.0,0.8150470219435737,5.0,0.9719626168224299
9.0,6.0,1.0,0.8463949843260188,5.0,0.9579439252336449
9.0,7.0,1.0,0.8526645768025078,5.0,0.9485981308411215
9.0,8.0,1.0,0.8307210031347962,5.0,0.9579439252336449
9.0,9.0,1.0,0.8275862068965517,5.0,0.9719626168224299
9.0,10.0,1.0,0.8213166144200627,4.0,0.9684418145956607
9.0,11.0,1.0,0.8432601880877743,5.0,0.9439252336448598
9.0,12.0,1.0,0.8369905956112853,5.0,0.9719626168224299
9.0,13.0,1.0,0.8589341692789969,5.0,0.9579439252336449
9.0,14.0,1.0,0.8213166144200627,4.0,0.9704142011834319
9.0,15.0,1.0,0.8620689655172413,5.0,0.9485981308411215
9.0,16.0,1.0,0.8150470219435737,5.0,0.9672897196261683
9.0,17.0,1.0,0.8401253918495298,5.0,0.9579439252336449
9.0,18.0,1.0,0.8495297805642633,5.0,0.9485981308411215
9.0,19.0,1.0,0.8432601880877743,5.0,0.9579439252336449
9.0,20.0,1.0,0.8526645768025078,5.0,0.9485981308411215
9.0,21.0,1.0,0.8401253918495298,5.0,0.9672897196261683
9.0,22.0,1.0,0.8495297805642633,5.0,0.9579439252336449
9.0,23.0,1.0,0.8526645768025078,5.0,0.9626168224299065
9.0,24.0,6.0,0.8516746411483254,5.0,0.9485981308411215
9.0,25.0,1.0,0.8369905956112853,4.0,0.9536489151873767
9.0,26.0,1.0,0.8432601880877743,5.0,0.9579439252336449
9.0,27.0,1.0,0.8463949843260188,5.0,0.9485981308411215
9.0,28.0,1.0,0.8557993730407524,5.0,0.9439252336448598
9.0,29.0,1.0,0.8589341692789969,5.0,0.9485981308411215
9.0,30.0,1.0,0.8275862068965517,5.0,0.9579439252336449
9.0,31.0,1.0,0.8275862068965517,5.0,0.9626168224299065
9.0,32.0,1.0,0.8432601880877743,5.0,0.9579439252336449
9.0,33.0,1.0,0.8401253918495298,5.0,0.9626168224299065
9.0,34.0,6.0,0.8373205741626795,0.0,0.9369369369369369
9.0,35.0,1.0,0.8244514106583072,5.0,0.9672897196261683
9.0,36.0,1.0,0.8025078369905956,5.0,0.9766355140186916
9.0,37.0,1.0,0.8401253918495298,5.0,0.9626168224299065
9.0,38.0,1.0,0.8401253918495298,5.0,0.9579439252336449
9.0,39.0,1.0,0.8244514106583072,5.0,0.9719626168224299
9.0,40.0,1.0,0.8463949843260188,5.0,0.9485981308411215
9.0,41.0,1.0,0.8463949843260188,5.0,0.9626168224299065
9.0,42.0,1.0,0.8338557993730408,5.0,0.9579439252336449
9.0,43.0,7.0,0.8489583333333334,0.0,0.9459459459459459
9.0,44.0,1.0,0.8495297805642633,5.0,0.9626168224299065
9.0,45.0,1.0,0.8181818181818182,5.0,0.9719626168224299
9.0,46.0,1.0,0.8338557993730408,5.0,0.9626168224299065
9.0,47.0,1.0,0.8526645768025078,5.0,0.9532710280373832
9.0,48.0,1.0,0.8244514106583072,5.0,0.9672897196261683
9.0,49.0,1.0,0.8401253918495298,5.0,0.9672897196261683
9.0,50.0,1.0,0.877742946708464,5.0,0.9392523364485982
9.0,51.0,1.0,0.8119122257053292,4.0,0.97534516765286
9.0,52.0,1.0,0.8213166144200627,4.0,0.9714003944773175
9.0,53.0,1.0,0.8652037617554859,5.0,0.9439252336448598
9.0,54.0,1.0,0.8495297805642633,5.0,0.9672897196261683
9.0,55.0,1.0,0.8338557993730408,5.0,0.9579439252336449
9.0,56.0,1.0,0.8589341692789969,4.0,0.9487179487179487
9.0,57.0,1.0,0.8620689655172413,5.0,0.9392523364485982
10.0,0.0,1.0,0.8307210031347962,4.0,0.9644970414201184
10.0,1.0,1.0,0.8087774294670846,4.0,0.9723865877712031
10.0,2.0,7.0,0.859375,0.0,0.9369369369369369
10.0,3.0,1.0,0.8213166144200627,4.0,0.9674556213017751
10.0,4.0,1.0,0.8119122257053292,5.0,0.9766355140186916
10.0,5.0,1.0,0.8369905956112853,5.0,0.9579439252336449
10.0,6.0,1.0,0.8213166144200627,4.0,0.9723865877712031
10.0,7.0,1.0,0.8213166144200627,4.0,0.9684418145956607
10.0,8.0,1.0,0.8683385579937304,5.0,0.9392523364485982
10.0,9.0,1.0,0.8369905956112853,4.0,0.9595660749506904
10.0,10.0,1.0,0.8119122257053292,4.0,0.9714003944773175
10.0,11.0,1.0,0.8307210031347962,4.0,0.9664694280078896
10.0,12.0,7.0,0.8645833333333334,0.0,0.9459459459459459
10.0,13.0,1.0,0.8463949843260188,4.0,0.960552268244576
10.0,14.0,1.0,0.8275862068965517,5.0,0.9672897196261683
10.0,15.0,1.0,0.8463949843260188,5.0,0.9626168224299065
10.0,16.0,1.0,0.8463949843260188,5.0,0.9532710280373832
10.0,17.0,1.0,0.8557993730407524,5.0,0.9439252336448598
10.0,18.0,6.0,0.84688995215311,0.0,0.9459459459459459
10.0,19.0,1.0,0.8652037617554859,5.0,0.9439252336448598
10.0,20.0,1.0,0.8495297805642633,5.0,0.9532710280373832
10.0,21.0,1.0,0.8557993730407524,4.0,0.9497041420118343
10.0,22.0,7.0,0.859375,0.0,0.9459459459459459
10.0,23.0,1.0,0.8244514106583072,5.0,0.9672897196261683
10.0,24.0,1.0,0.8432601880877743,5.0,0.9485981308411215
10.0,25.0,1.0,0.8432601880877743,4.0,0.9546351084812623
10.0,26.0,1.0,0.8495297805642633,5.0,0.9579439252336449
10.0,27.0,1.0,0.8401253918495298,4.0,0.960552268244576
10.0,28.0,1.0,0.8213166144200627,5.0,0.9719626168224299
10.0,29.0,1.0,0.8526645768025078,5.0,0.9485981308411215
10.0,30.0,1.0,0.8589341692789969,4.0,0.9428007889546351
10.0,31.0,1.0,0.8181818181818182,4.0,0.9694280078895463
10.0,32.0,7.0,0.859375,0.0,0.9369369369369369
10.0,33.0,1.0,0.8432601880877743,5.0,0.9626168224299065
10.0,34.0,1.0,0.8275862068965517,5.0,0.9672897196261683
10.0,35.0,1.0,0.8369905956112853,4.0,0.9625246548323472
10.0,36.0,1.0,0.8401253918495298,5.0,0.9579439252336449
10.0,37.0,1.0,0.8495297805642633,5.0,0.9439252336448598
10.0,38.0,1.0,0.8369905956112853,4.0,0.9644970414201184
10.0,39.0,1.0,0.8369905956112853,5.0,0.9579439252336449
10.0,40.0,1.0,0.8620689655172413,4.0,0.9418145956607495
10.0,41.0,1.0,0.8307210031347962,5.0,0.9672897196261683
10.0,42.0,6.0,0.8564593301435407,0.0,0.9459459459459459
10.0,43.0,1.0,0.8495297805642633,5.0,0.9532710280373832
10.0,44.0,6.0,0.8564593301435407,0.0,0.954954954954955
10.0,45.0,1.0,0.8432601880877743,5.0,0.9532710280373832
10.0,46.0,1.0,0.8369905956112853,4.0,0.960552268244576
10.0,47.0,1.0,0.8338557993730408,5.0,0.9626168224299065
10.0,48.0,1.0,0.8338557993730408,5.0,0.9719626168224299
10.0,49.0,1.0,0.8432601880877743,5.0,0.9719626168224299
10.0,50.0,1.0,0.8181818181818182,5.0,0.9719626168224299
10.0,51.0,7.0,0.8541666666666666,5.0,0.9485981308411215
10.0,52.0,1.0,0.8369905956112853,4.0,0.960552268244576
10.0,53.0,1.0,0.8526645768025078,5.0,0.9532710280373832
10.0,54.0,1.0,0.8432601880877743,4.0,0.9408284023668639
10.0,55.0,1.0,0.8557993730407524,5.0,0.9485981308411215
10.0,56.0,1.0,0.8620689655172413,4.0,0.9437869822485208
10.0,57.0,6.0,0.84688995215311,0.0,0.963963963963964
11.0,0.0,1.0,0.8495297805642633,5.0,0.9532710280373832
11.0,1.0,1.0,0.8401253918495298,5.0,0.9579439252336449
11.0,2.0,1.0,0.8589341692789969,5.0,0.9532710280373832
11.0,3.0,1.0,0.8401253918495298,5.0,0.9672897196261683
11.0,4.0,1.0,0.8495297805642633,5.0,0.9485981308411215
11.0,5.0,1.0,0.8401253918495298,5.0,0.9626168224299065
11.0,6.0,1.0,0.8432601880877743,5.0,0.9626168224299065
11.0,7.0,1.0,0.8557993730407524,5.0,0.9532710280373832
11.0,8.0,7.0,0.8333333333333334,0.0,0.9459459459459459
11.0,9.0,1.0,0.8463949843260188,5.0,0.9579439252336449
11.0,10.0,1.0,0.8463949843260188,5.0,0.9626168224299065
11.0,11.0,1.0,0.8463949843260188,5.0,0.9485981308411215
11.0,12.0,1.0,0.8369905956112853,5.0,0.9672897196261683
11.0,13.0,1.0,0.8369905956112853,4.0,0.9585798816568047
11.0,14.0,1.0,0.8432601880877743,5.0,0.9579439252336449
11.0,15.0,1.0,0.8557993730407524,5.0,0.9485981308411215
11.0,16.0,1.0,0.8401253918495298,5.0,0.9672897196261683
11.0,17.0,1.0,0.8338557993730408,4.0,0.9635108481262328
11.0,18.0,1.0,0.8589341692789969,5.0,0.9579439252336449
11.0,19.0,1.0,0.8495297805642633,5.0,0.9485981308411215
11.0,20.0,1.0,0.8557993730407524,5.0,0.9579439252336449
11.0,21.0,1.0,0.8463949843260188,5.0,0.9626168224299065
11.0,22.0,1.0,0.8463949843260188,4.0,0.9516765285996055
11.0,23.0,1.0,0.8526645768025078,5.0,0.9579439252336449
11.0,24.0,1.0,0.8526645768025078,5.0,0.9579439252336449
11.0,25.0,1.0,0.8338557993730408,5.0,0.9719626168224299
11.0,26.0,1.0,0.8526645768025078,5.0,0.9579439252336449
11.0,27.0,1.0,0.8181818181818182,5.0,0.9719626168224299
11.0,28.0,1.0,0.8495297805642633,5.0,0.9532710280373832
11.0,29.0,1.0,0.8338557993730408,5.0,0.9626168224299065
11.0,30.0,1.0,0.8338557993730408,5.0,0.9626168224299065
11.0,31.0,1.0,0.8369905956112853,5.0,0.9626168224299065
11.0,32.0,1.0,0.8307210031347962,5.0,0.9626168224299065
11.0,33.0,1.0,0.8432601880877743,5.0,0.9579439252336449
11.0,34.0,1.0,0.8652037617554859,0.0,0.9459459459459459
11.0,35.0,1.0,0.8589341692789969,5.0,0.9439252336448598
11.0,36.0,1.0,0.8526645768025078,5.0,0.9485981308411215
11.0,37.0,1.0,0.8495297805642633,5.0,0.9579439252336449
11.0,38.0,1.0,0.8463949843260188,5.0,0.9626168224299065
11.0,39.0,1.0,0.8526645768025078,4.0,0.9516765285996055
11.0,40.0,1.0,0.8652037617554859,5.0,0.9485981308411215
11.0,41.0,1.0,0.8432601880877743,5.0,0.9626168224299065
11.0,42.0,1.0,0.8338557993730408,5.0,0.9719626168224299
11.0,43.0,1.0,0.8432601880877743,5.0,0.9672897196261683
11.0,44.0,1.0,0.8463949843260188,5.0,0.9626168224299065
11.0,45.0,1.0,0.8652037617554859,5.0,0.9532710280373832
11.0,46.0,1.0,0.8401253918495298,4.0,0.9536489151873767
11.0,47.0,1.0,0.8432601880877743,5.0,0.9719626168224299
11.0,48.0,1.0,0.8432601880877743,5.0,0.9579439252336449
11.0,49.0,7.0,0.8645833333333334,5.0,0.9485981308411215
11.0,50.0,1.0,0.8463949843260188,5.0,0.9579439252336449
11.0,51.0,1.0,0.8181818181818182,5.0,0.9719626168224299
11.0,52.0,1.0,0.8401253918495298,5.0,0.9626168224299065
11.0,53.0,1.0,0.8275862068965517,4.0,0.9733727810650887
11.0,54.0,1.0,0.8463949843260188,5.0,0.9579439252336449
11.0,55.0,6.0,0.8660287081339713,5.0,0.9532710280373832
11.0,56.0,1.0,0.8401253918495298,5.0,0.9719626168224299
11.0,57.0,1.0,0.8526645768025078,5.0,0.9672897196261683
12.0,0.0,1.0,0.8557993730407524,5.0,0.9392523364485982
12.0,1.0,1.0,0.8526645768025078,5.0,0.9672897196261683
12.0,2.0,1.0,0.8463949843260188,4.0,0.9556213017751479
12.0,3.0,1.0,0.8181818181818182,5.0,0.9766355140186916
12.0,4.0,1.0,0.8589341692789969,0.0,0.9459459459459459
12.0,5.0,7.0,0.8333333333333334,5.0,0.9485981308411215
12.0,6.0,1.0,0.8620689655172413,5.0,0.9485981308411215
12.0,7.0,1.0,0.8463949843260188,5.0,0.9626168224299065
12.0,8.0,1.0,0.8307210031347962,4.0,0.9694280078895463
12.0,9.0,1.0,0.8557993730407524,5.0,0.9392523364485982
12.0,10.0,1.0,0.8463949843260188,5.0,0.9579439252336449
12.0,11.0,1.0,0.8589341692789969,5.0,0.9485981308411215
12.0,12.0,1.0,0.8557993730407524,5.0,0.9485981308411215
12.0,13.0,7.0,0.8645833333333334,0.0,0.9459459459459459
12.0,14.0,1.0,0.8526645768025078,5.0,0.9579439252336449
12.0,15.0,1.0,0.8495297805642633,4.0,0.9536489151873767
12.0,16.0,7.0,0.875,5.0,0.9485981308411215
12.0,17.0,1.0,0.8401253918495298,5.0,0.9579439252336449
12.0,18.0,1.0,0.8213166144200627,4.0,0.9723865877712031
12.0,19.0,1.0,0.8463949843260188,5.0,0.9626168224299065
12.0,20.0,1.0,0.8652037617554859,0.0,0.9459459459459459
12.0,21.0,1.0,0.8369905956112853,5.0,0.9672897196261683
12.0,22.0,1.0,0.8557993730407524,5.0,0.9532710280373832
12.0,23.0,1.0,0.8213166144200627,4.0,0.9723865877712031
12.0,24.0,1.0,0.8119122257053292,5.0,0.9719626168224299
12.0,25.0,1.0,0.8589341692789969,4.0,0.9536489151873767
12.0,26.0,1.0,0.8401253918495298,5.0,0.9626168224299065
12.0,27.0,6.0,0.8564593301435407,0.0,0.9369369369369369
12.0,28.0,1.0,0.8401253918495298,4.0,0.9664694280078896
12.0,29.0,1.0,0.8589341692789969,0.0,0.954954954954955
12.0,30.0,1.0,0.8275862068965517,5.0,0.9719626168224299
12.0,31.0,1.0,0.8432601880877743,5.0,0.9532710280373832
12.0,32.0,1.0,0.8526645768025078,5.0,0.9672897196261683
12.0,33.0,1.0,0.8526645768025078,5.0,0.9626168224299065
12.0,34.0,1.0,0.8557993730407524,5.0,0.9485981308411215
12.0,35.0,1.0,0.8526645768025078,5.0,0.9626168224299065
12.0,36.0,1.0,0.8338557993730408,4.0,0.9684418145956607
12.0,37.0,1.0,0.8620689655172413,0.0,0.954954954954955
12.0,38.0,1.0,0.8463949843260188,4.0,0.9546351084812623
12.0,39.0,1.0,0.8244514106583072,4.0,0.9684418145956607
12.0,40.0,1.0,0.8369905956112853,5.0,0.9626168224299065
12.0,41.0,1.0,0.8526645768025078,5.0,0.9532710280373832
12.0,42.0,1.0,0.8307210031347962,5.0,0.9626168224299065
12.0,43.0,1.0,0.8213166144200627,4.0,0.9694280078895463
12.0,44.0,1.0,0.8463949843260188,5.0,0.9579439252336449
12.0,45.0,1.0,0.8495297805642633,5.0,0.9532710280373832
12.0,46.0,1.0,0.8557993730407524,5.0,0.9626168224299065
12.0,47.0,1.0,0.8495297805642633,5.0,0.9579439252336449
12.0,48.0,7.0,0.859375,0.0,0.9459459459459459
12.0,49.0,1.0,0.8432601880877743,4.0,0.9684418145956607
12.0,50.0,6.0,0.8421052631578947,5.0,0.9532710280373832
12.0,51.0,6.0,0.861244019138756,5.0,0.9439252336448598
12.0,52.0,1.0,0.8432601880877743,4.0,0.9694280078895463
12.0,53.0,1.0,0.8620689655172413,5.0,0.9532710280373832
12.0,54.0,6.0,0.8660287081339713,5.0,0.9439252336448598
12.0,55.0,1.0,0.8181818181818182,5.0,0.9672897196261683
12.0,56.0,1.0,0.8244514106583072,5.0,0.9672897196261683
12.0,57.0,1.0,0.8495297805642633,5.0,0.9579439252336449
13.0,0.0,1.0,0.8557993730407524,5.0,0.9532710280373832
13.0,1.0,1.0,0.8401253918495298,4.0,0.9635108481262328
13.0,2.0,1.0,0.8557993730407524,5.0,0.9579439252336449
13.0,3.0,1.0,0.8620689655172413,3.0,0.9492753623188406
13.0,4.0,1.0,0.8495297805642633,4.0,0.9526627218934911
13.0,5.0,1.0,0.8369905956112853,4.0,0.9595660749506904
13.0,6.0,1.0,0.8557993730407524,4.0,0.9566074950690335
13.0,7.0,1.0,0.8432601880877743,5.0,0.9626168224299065
13.0,8.0,7.0,0.859375,0.0,0.954954954954955
13.0,9.0,1.0,0.8620689655172413,4.0,0.9526627218934911
13.0,10.0,1.0,0.8526645768025078,5.0,0.9579439252336449
13.0,11.0,7.0,0.8385416666666666,0.0,0.9459459459459459
13.0,12.0,1.0,0.8369905956112853,5.0,0.9672897196261683
13.0,13.0,1.0,0.8557993730407524,5.0,0.9626168224299065
13.0,14.0,7.0,0.84375,5.0,0.9532710280373832
13.0,15.0,1.0,0.8244514106583072,5.0,0.9672897196261683
13.0,16.0,1.0,0.8432601880877743,5.0,0.9719626168224299
13.0,17.0,1.0,0.8432601880877743,5.0,0.9579439252336449
13.0,18.0,1.0,0.8119122257053292,4.0,0.980276134122288
13.0,19.0,1.0,0.8401253918495298,5.0,0.9626168224299065
13.0,20.0,7.0,0.8541666666666666,0.0,0.9459459459459459
13.0,21.0,1.0,0.8307210031347962,5.0,0.9672897196261683
13.0,22.0,1.0,0.8338557993730408,5.0,0.9672897196261683
13.0,23.0,1.0,0.8589341692789969,5.0,0.9485981308411215
13.0,24.0,1.0,0.8369905956112853,5.0,0.9672897196261683
13.0,25.0,6.0,0.8373205741626795,0.0,0.9459459459459459
13.0,26.0,1.0,0.8181818181818182,5.0,0.9766355140186916
13.0,27.0,1.0,0.8150470219435737,4.0,0.9763313609467456
13.0,28.0,1.0,0.8557993730407524,5.0,0.9532710280373832
13.0,29.0,1.0,0.8369905956112853,5.0,0.9579439252336449
13.0,30.0,1.0,0.8463949843260188,5.0,0.9579439252336449
13.0,31.0,1.0,0.8369905956112853,4.0,0.9595660749506904
13.0,32.0,1.0,0.8589341692789969,5.0,0.9626168224299065
13.0,33.0,1.0,0.8307210031347962,4.0,0.9694280078895463
13.0,34.0,1.0,0.8307210031347962,5.0,0.9719626168224299
13.0,35.0,1.0,0.8432601880877743,4.0,0.9546351084812623
13.0,36.0,1.0,0.8526645768025078,5.0,0.9579439252336449
13.0,37.0,1.0,0.8557993730407524,5.0,0.9532710280373832
13.0,38.0,1.0,0.8526645768025078,5.0,0.9579439252336449
13.0,39.0,1.0,0.8652037617554859,5.0,0.9579439252336449
13.0,40.0,1.0,0.8275862068965517,4.0,0.9684418145956607
13.0,41.0,1.0,0.8463949843260188,4.0,0.9585798816568047
13.0,42.0,1.0,0.8432601880877743,5.0,0.9626168224299065
13.0,43.0,1.0,0.8526645768025078,5.0,0.9579439252336449
13.0,44.0,1.0,0.8463949843260188,4.0,0.9585798816568047
13.0,45.0,1.0,0.8463949843260188,5.0,0.9579439252336449
13.0,46.0,1.0,0.8463949843260188,4.0,0.9644970414201184
13.0,47.0,1.0,0.8714733542319749,5.0,0.9485981308411215
13.0,48.0,1.0,0.8589341692789969,5.0,0.9579439252336449
13.0,49.0,1.0,0.8557993730407524,4.0,0.9566074950690335
13.0,50.0,1.0,0.8526645768025078,5.0,0.9532710280373832
13.0,51.0,1.0,0.8338557993730408,4.0,0.9674556213017751
13.0,52.0,1.0,0.8526645768025078,0.0,0.954954954954955
13.0,53.0,1.0,0.8557993730407524,5.0,0.9579439252336449
13.0,54.0,1.0,0.8307210031347962,5.0,0.9719626168224299
13.0,55.0,1.0,0.8275862068965517,4.0,0.9674556213017751
13.0,56.0,1.0,0.8401253918495298,5.0,0.9532710280373832
13.0,57.0,7.0,0.8645833333333334,5.0,0.9532710280373832
14.0,0.0,1.0,0.8620689655172413,5.0,0.9532710280373832
14.0,1.0,1.0,0.8620689655172413,5.0,0.9532710280373832
14.0,2.0,1.0,0.8307210031347962,5.0,0.9719626168224299
14.0,3.0,7.0,0.859375,0.0,0.963963963963964
14.0,4.0,1.0,0.8244514106583072,4.0,0.9684418145956607
14.0,5.0,1.0,0.8589341692789969,5.0,0.9485981308411215
14.0,6.0,1.0,0.8369905956112853,4.0,0.9714003944773175
14.0,7.0,7.0,0.84375,0.0,0.9459459459459459
14.0,8.0,1.0,0.8275862068965517,4.0,0.9684418145956607
14.0,9.0,1.0,0.8495297805642633,4.0,0.9487179487179487
14.0,10.0,1.0,0.8620689655172413,5.0,0.9485981308411215
14.0,11.0,1.0,0.8620689655172413,5.0,0.9532710280373832
14.0,12.0,1.0,0.8557993730407524,4.0,0.9556213017751479
14.0,13.0,1.0,0.8620689655172413,0.0,0.954954954954955
14.0,14.0,1.0,0.8275862068965517,4.0,0.9704142011834319
14.0,15.0,1.0,0.8526645768025078,2.0,0.9431818181818182
14.0,16.0,1.0,0.8369905956112853,4.0,0.9635108481262328
14.0,17.0,1.0,0.8589341692789969,5.0,0.9532710280373832
14.0,18.0,1.0,0.8620689655172413,5.0,0.9485981308411215
14.0,19.0,6.0,0.8564593301435407,0.0,0.9459459459459459
14.0,20.0,1.0,0.8119122257053292,4.0,0.9733727810650887
14.0,21.0,1.0,0.8432601880877743,5.0,0.9579439252336449
14.0,22.0,1.0,0.8526645768025078,5.0,0.9626168224299065
14.0,23.0,1.0,0.8620689655172413,5.0,0.9485981308411215
14.0,24.0,1.0,0.8338557993730408,4.0,0.9704142011834319
14.0,25.0,1.0,0.8652037617554859,5.0,0.9392523364485982
14.0,26.0,1.0,0.8808777429467085,5.0,0.9485981308411215
14.0,27.0,1.0,0.8495297805642633,4.0,0.9615384615384616
14.0,28.0,1.0,0.8526645768025078,5.0,0.9532710280373832
14.0,29.0,1.0,0.8526645768025078,5.0,0.9626168224299065
14.0,30.0,7.0,0.859375,0.0,0.9369369369369369
14.0,31.0,7.0,0.8645833333333334,5.0,0.9626168224299065
14.0,32.0,1.0,0.8401253918495298,5.0,0.9672897196261683
14.0,33.0,1.0,0.8526645768025078,5.0,0.9579439252336449
14.0,34.0,1.0,0.8683385579937304,4.0,0.9339250493096647
14.0,35.0,1.0,0.8463949843260188,4.0,0.9615384615384616
14.0,36.0,1.0,0.8620689655172413,0.0,0.9459459459459459
14.0,37.0,1.0,0.8526645768025078,5.0,0.9485981308411215
14.0,38.0,1.0,0.8369905956112853,5.0,0.9579439252336449
14.0,39.0,1.0,0.8620689655172413,5.0,0.9579439252336449
14.0,40.0,1.0,0.8432601880877743,5.0,0.9672897196261683
14.0,41.0,7.0,0.8697916666666666,5.0,0.9485981308411215
14.0,42.0,7.0,0.8645833333333334,4.0,0.9398422090729783
14.0,43.0,1.0,0.8307210031347962,4.0,0.9743589743589743
14.0,44.0,1.0,0.8401253918495298,5.0,0.9719626168224299
14.0,45.0,1.0,0.8589341692789969,5.0,0.9579439252336449
14.0,46.0,1.0,0.8432601880877743,4.0,0.9585798816568047
14.0,47.0,1.0,0.8432601880877743,5.0,0.9626168224299065
14.0,48.0,1.0,0.8463949843260188,4.0,0.965483234714004
14.0,49.0,1.0,0.8495297805642633,5.0,0.9672897196261683
14.0,50.0,1.0,0.8401253918495298,5.0,0.9626168224299065
14.0,51.0,1.0,0.8213166144200627,4.0,0.9714003944773175
14.0,52.0,6.0,0.8277511961722488,2.0,0.9431818181818182
14.0,53.0,1.0,0.8432601880877743,4.0,0.9625246548323472
14.0,54.0,1.0,0.8589341692789969,4.0,0.9556213017751479
14.0,55.0,6.0,0.8373205741626795,0.0,0.954954954954955
14.0,56.0,1.0,0.8495297805642633,4.0,0.9635108481262328
14.0,57.0,7.0,0.8645833333333334,5.0,0.9485981308411215
15.0,0.0,1.0,0.8463949843260188,5.0,0.9532710280373832
15.0,1.0,1.0,0.8652037617554859,5.0,0.9485981308411215
15.0,2.0,1.0,0.8589341692789969,5.0,0.9485981308411215
15.0,3.0,1.0,0.8275862068965517,4.0,0.9704142011834319
15.0,4.0,1.0,0.8369905956112853,4.0,0.965483234714004
15.0,5.0,1.0,0.8338557993730408,5.0,0.9672897196261683
15.0,6.0,7.0,0.859375,4.0,0.9497041420118343
15.0,7.0,1.0,0.8369905956112853,5.0,0.9719626168224299
15.0,8.0,1.0,0.8401253918495298,5.0,0.9626168224299065
15.0,9.0,1.0,0.8369905956112853,4.0,0.9644970414201184
15.0,10.0,1.0,0.8652037617554859,5.0,0.9532710280373832
15.0,11.0,1.0,0.8652037617554859,5.0,0.9485981308411215
15.0,12.0,1.0,0.8526645768025078,4.0,0.9575936883629191
15.0,13.0,1.0,0.8683385579937304,5.0,0.9532710280373832
15.0,14.0,1.0,0.8495297805642633,5.0,0.9672897196261683
15.0,15.0,1.0,0.8557993730407524,5.0,0.9532710280373832
15.0,16.0,1.0,0.8495297805642633,5.0,0.9626168224299065
15.0,17.0,1.0,0.8432601880877743,5.0,0.9579439252336449
15.0,18.0,1.0,0.8683385579937304,4.0,0.9408284023668639
15.0,19.0,1.0,0.8495297805642633,5.0,0.9579439252336449
15.0,20.0,1.0,0.8683385579937304,5.0,0.9579439252336449
15.0,21.0,1.0,0.8495297805642633,4.0,0.9487179487179487
15.0,22.0,1.0,0.8369905956112853,5.0,0.9626168224299065
15.0,23.0,7.0,0.8697916666666666,5.0,0.9532710280373832
15.0,24.0,7.0,0.8645833333333334,2.0,0.9431818181818182
15.0,25.0,1.0,0.8683385579937304,5.0,0.9485981308411215
15.0,26.0,1.0,0.8369905956112853,5.0,0.9672897196261683
15.0,27.0,1.0,0.8746081504702194,5.0,0.9532710280373832
15.0,28.0,1.0,0.8589341692789969,4.0,0.9566074950690335
15.0,29.0,1.0,0.8557993730407524,5.0,0.9485981308411215
15.0,30.0,1.0,0.8463949843260188,5.0,0.9626168224299065
15.0,31.0,1.0,0.8620689655172413,4.0,0.9546351084812623
15.0,32.0,1.0,0.8369905956112853,5.0,0.9719626168224299
15.0,33.0,1.0,0.8463949843260188,4.0,0.965483234714004
15.0,34.0,7.0,0.859375,5.0,0.9439252336448598
15.0,35.0,7.0,0.8697916666666666,2.0,0.9375
15.0,36.0,1.0,0.8432601880877743,5.0,0.9672897196261683
15.0,37.0,7.0,0.8645833333333334,5.0,0.9485981308411215
15.0,38.0,1.0,0.8432601880877743,4.0,0.9566074950690335
15.0,39.0,6.0,0.8564593301435407,0.0,0.954954954954955
15.0,40.0,1.0,0.8369905956112853,4.0,0.9733727810650887
15.0,41.0,1.0,0.8401253918495298,4.0,0.9743589743589743
15.0,42.0,1.0,0.8557993730407524,5.0,0.9485981308411215
15.0,43.0,1.0,0.8432601880877743,4.0,0.9625246548323472
15.0,44.0,1.0,0.8432601880877743,5.0,0.9719626168224299
15.0,45.0,1.0,0.8652037617554859,5.0,0.9626168224299065
15.0,46.0,1.0,0.8589341692789969,4.0,0.9536489151873767
15.0,47.0,1.0,0.8652037617554859,5.0,0.9485981308411215
15.0,48.0,1.0,0.8307210031347962,4.0,0.97534516765286
15.0,49.0,1.0,0.8495297805642633,5.0,0.9672897196261683
15.0,50.0,1.0,0.8526645768025078,5.0,0.9672897196261683
15.0,51.0,1.0,0.8526645768025078,5.0,0.9532710280373832
15.0,52.0,1.0,0.8620689655172413,5.0,0.9532710280373832
15.0,53.0,1.0,0.8463949843260188,5.0,0.9532710280373832
15.0,54.0,1.0,0.8557993730407524,5.0,0.9485981308411215
15.0,55.0,1.0,0.8495297805642633,5.0,0.9672897196261683
15.0,56.0,1.0,0.8495297805642633,4.0,0.9536489151873767
15.0,57.0,1.0,0.8589341692789969,5.0,0.9579439252336449
16.0,0.0,1.0,0.8620689655172413,5.0,0.9532710280373832
16.0,1.0,1.0,0.8401253918495298,5.0,0.9626168224299065
16.0,2.0,1.0,0.8369905956112853,5.0,0.9672897196261683
16.0,3.0,7.0,0.8645833333333334,5.0,0.9532710280373832
16.0,4.0,1.0,0.8557993730407524,5.0,0.9579439252336449
16.0,5.0,1.0,0.8557993730407524,5.0,0.9532710280373832
16.0,6.0,1.0,0.8338557993730408,4.0,0.9575936883629191
16.0,7.0,1.0,0.8338557993730408,5.0,0.9626168224299065
16.0,8.0,1.0,0.8401253918495298,5.0,0.9719626168224299
16.0,9.0,1.0,0.8746081504702194,4.0,0.9418145956607495
16.0,10.0,7.0,0.8697916666666666,5.0,0.9485981308411215
16.0,11.0,1.0,0.8432601880877743,5.0,0.9719626168224299
16.0,12.0,1.0,0.8463949843260188,5.0,0.9672897196261683
16.0,13.0,1.0,0.8557993730407524,4.0,0.9506903353057199
16.0,14.0,7.0,0.8645833333333334,5.0,0.9532710280373832
16.0,15.0,1.0,0.8275862068965517,5.0,0.9672897196261683
16.0,16.0,1.0,0.8463949843260188,4.0,0.9644970414201184
16.0,17.0,1.0,0.8369905956112853,5.0,0.9672897196261683
16.0,18.0,1.0,0.8307210031347962,5.0,0.9672897196261683
16.0,19.0,1.0,0.8683385579937304,5.0,0.9485981308411215
16.0,20.0,1.0,0.8589341692789969,4.0,0.9615384615384616
16.0,21.0,1.0,0.8432601880877743,4.0,0.9625246548323472
16.0,22.0,1.0,0.8589341692789969,5.0,0.9626168224299065
16.0,23.0,1.0,0.8557993730407524,5.0,0.9626168224299065
16.0,24.0,1.0,0.8589341692789969,5.0,0.9579439252336449
16.0,25.0,1.0,0.8307210031347962,5.0,0.9719626168224299
16.0,26.0,1.0,0.8463949843260188,5.0,0.9579439252336449
16.0,27.0,1.0,0.8401253918495298,4.0,0.9684418145956607
16.0,28.0,1.0,0.8589341692789969,5.0,0.9579439252336449
16.0,29.0,1.0,0.8526645768025078,5.0,0.9579439252336449
16.0,30.0,6.0,0.8564593301435407,5.0,0.9439252336448598
16.0,31.0,1.0,0.8652037617554859,4.0,0.9477317554240631
16.0,32.0,1.0,0.8338557993730408,4.0,0.9684418145956607
16.0,33.0,1.0,0.8463949843260188,4.0,0.9635108481262328
16.0,34.0,1.0,0.8495297805642633,5.0,0.9672897196261683
16.0,35.0,1.0,0.8338557993730408,4.0,0.9694280078895463
16.0,36.0,1.0,0.8557993730407524,5.0,0.9532710280373832
16.0,37.0,1.0,0.8463949843260188,5.0,0.9719626168224299
16.0,38.0,1.0,0.8683385579937304,5.0,0.9532710280373832
16.0,39.0,1.0,0.8557993730407524,5.0,0.9626168224299065
16.0,40.0,1.0,0.8652037617554859,5.0,0.9532710280373832
16.0,41.0,1.0,0.8557993730407524,5.0,0.9579439252336449
16.0,42.0,7.0,0.8645833333333334,0.0,0.954954954954955
16.0,43.0,7.0,0.8645833333333334,0.0,0.954954954954955
16.0,44.0,1.0,0.8307210031347962,4.0,0.9714003944773175
16.0,45.0,1.0,0.8463949843260188,4.0,0.9644970414201184
16.0,46.0,1.0,0.8432601880877743,5.0,0.9672897196261683
16.0,47.0,1.0,0.8401253918495298,5.0,0.9672897196261683
16.0,48.0,7.0,0.8697916666666666,5.0,0.9485981308411215
16.0,49.0,7.0,0.8645833333333334,5.0,0.9579439252336449
16.0,50.0,1.0,0.8557993730407524,5.0,0.9626168224299065
16.0,51.0,1.0,0.8432601880877743,5.0,0.9719626168224299
16.0,52.0,1.0,0.8307210031347962,4.0,0.97534516765286
16.0,53.0,1.0,0.8401253918495298,5.0,0.9719626168224299
16.0,54.0,1.0,0.8369905956112853,5.0,0.9672897196261683
16.0,55.0,1.0,0.8620689655172413,5.0,0.9579439252336449
16.0,56.0,1.0,0.8589341692789969,5.0,0.9672897196261683
16.0,57.0,1.0,0.8652037617554859,5.0,0.9532710280373832
17.0,0.0,1.0,0.8557993730407524,5.0,0.9672897196261683
17.0,1.0,7.0,0.8697916666666666,5.0,0.9532710280373832
17.0,2.0,1.0,0.8683385579937304,5.0,0.9532710280373832
17.0,3.0,1.0,0.8526645768025078,5.0,0.9485981308411215
17.0,4.0,1.0,0.8808777429467085,5.0,0.9439252336448598
17.0,5.0,1.0,0.8526645768025078,4.0,0.9635108481262328
17.0,6.0,1.0,0.8589341692789969,5.0,0.9485981308411215
17.0,7.0,1.0,0.8620689655172413,5.0,0.9532710280373832
17.0,8.0,7.0,0.8697916666666666,5.0,0.9485981308411215
17.0,9.0,1.0,0.8432601880877743,5.0,0.9532710280373832
17.0,10.0,7.0,0.859375,0.0,0.9459459459459459
17.0,11.0,1.0,0.8338557993730408,4.0,0.9644970414201184
17.0,12.0,1.0,0.8714733542319749,5.0,0.9532710280373832
17.0,13.0,1.0,0.8213166144200627,5.0,0.9766355140186916
17.0,14.0,1.0,0.8338557993730408,5.0,0.9719626168224299
17.0,15.0,1.0,0.8213166144200627,5.0,0.9766355140186916
17.0,16.0,1.0,0.8589341692789969,4.0,0.9546351084812623
17.0,17.0,1.0,0.8620689655172413,5.0,0.9626168224299065
17.0,18.0,1.0,0.8369905956112853,4.0,0.9684418145956607
17.0,19.0,1.0,0.8526645768025078,5.0,0.9626168224299065
17.0,20.0,1.0,0.8463949843260188,5.0,0.9626168224299065
17.0,21.0,7.0,0.8385416666666666,4.0,0.9339250493096647
17.0,22.0,1.0,0.8275862068965517,4.0,0.9723865877712031
17.0,23.0,1.0,0.8589341692789969,4.0,0.9546351084812623
17.0,24.0,1.0,0.8620689655172413,5.0,0.9532710280373832
17.0,25.0,1.0,0.8746081504702194,5.0,0.9579439252336449
17.0,26.0,1.0,0.8432601880877743,5.0,0.9672897196261683
17.0,27.0,1.0,0.8589341692789969,5.0,0.9532710280373832
17.0,28.0,1.0,0.8746081504702194,5.0,0.9485981308411215
17.0,29.0,1.0,0.8181818181818182,5.0,0.9766355140186916
17.0,30.0,7.0,0.8697916666666666,5.0,0.9485981308411215
17.0,31.0,1.0,0.8683385579937304,4.0,0.9506903353057199
17.0,32.0,1.0,0.8620689655172413,5.0,0.9579439252336449
17.0,33.0,7.0,0.8802083333333334,4.0,0.9398422090729783
17.0,34.0,1.0,0.8495297805642633,4.0,0.97534516765286
17.0,35.0,1.0,0.8557993730407524,5.0,0.9532710280373832
17.0,36.0,1.0,0.8557993730407524,4.0,0.9408284023668639
17.0,37.0,1.0,0.8432601880877743,5.0,0.9672897196261683
17.0,38.0,1.0,0.8746081504702194,4.0,0.9467455621301775
17.0,39.0,1.0,0.8401253918495298,5.0,0.9672897196261683
17.0,40.0,1.0,0.8338557993730408,4.0,0.9595660749506904
17.0,41.0,1.0,0.8683385579937304,5.0,0.9532710280373832
17.0,42.0,1.0,0.8620689655172413,5.0,0.9579439252336449
17.0,43.0,1.0,0.8557993730407524,5.0,0.9579439252336449
17.0,44.0,1.0,0.8401253918495298,5.0,0.9626168224299065
17.0,45.0,1.0,0.8620689655172413,5.0,0.9579439252336449
17.0,46.0,1.0,0.8338557993730408,5.0,0.9719626168224299
17.0,47.0,1.0,0.8307210031347962,5.0,0.9719626168224299
17.0,48.0,7.0,0.8645833333333334,5.0,0.9532710280373832
17.0,49.0,1.0,0.8589341692789969,5.0,0.9626168224299065
17.0,50.0,6.0,0.8660287081339713,0.0,0.954954954954955
17.0,51.0,7.0,0.8645833333333334,5.0,0.9485981308411215
17.0,52.0,1.0,0.8369905956112853,5.0,0.9672897196261683
17.0,53.0,1.0,0.8463949843260188,5.0,0.9719626168224299
17.0,54.0,1.0,0.8620689655172413,5.0,0.9485981308411215
17.0,55.0,1.0,0.8620689655172413,4.0,0.9536489151873767
17.0,56.0,1.0,0.8213166144200627,5.0,0.9672897196261683
17.0,57.0,1.0,0.8119122257053292,4.0,0.9704142011834319
18.0,0.0,1.0,0.8557993730407524,5.0,0.9672897196261683
18.0,1.0,1.0,0.8526645768025078,5.0,0.9485981308411215
18.0,2.0,1.0,0.8495297805642633,5.0,0.9672897196261683
18.0,3.0,7.0,0.859375,0.0,0.9459459459459459
18.0,4.0,1.0,0.8369905956112853,5.0,0.9719626168224299
18.0,5.0,1.0,0.8401253918495298,4.0,0.9684418145956607
18.0,6.0,1.0,0.8746081504702194,5.0,0.9485981308411215
18.0,7.0,1.0,0.8589341692789969,5.0,0.9672897196261683
18.0,8.0,1.0,0.8652037617554859,4.0,0.9516765285996055
18.0,9.0,1.0,0.8871473354231975,5.0,0.9392523364485982
18.0,10.0,1.0,0.8275862068965517,4.0,0.9773175542406312
18.0,11.0,1.0,0.8589341692789969,4.0,0.9704142011834319
18.0,12.0,1.0,0.8620689655172413,5.0,0.9626168224299065
18.0,13.0,1.0,0.8307210031347962,5.0,0.9719626168224299
18.0,14.0,7.0,0.859375,5.0,0.9532710280373832
18.0,15.0,1.0,0.8338557993730408,4.0,0.9773175542406312
18.0,16.0,1.0,0.8369905956112853,5.0,0.9672897196261683
18.0,17.0,1.0,0.8307210031347962,4.0,0.9674556213017751
18.0,18.0,7.0,0.875,5.0,0.9532710280373832
18.0,19.0,1.0,0.8620689655172413,4.0,0.9595660749506904
18.0,20.0,1.0,0.8652037617554859,5.0,0.9579439252336449
18.0,21.0,1.0,0.8432601880877743,5.0,0.9626168224299065
18.0,22.0,1.0,0.8495297805642633,4.0,0.9615384615384616
18.0,23.0,6.0,0.8660287081339713,5.0,0.9532710280373832
18.0,24.0,1.0,0.8652037617554859,5.0,0.9626168224299065
18.0,25.0,1.0,0.8589341692789969,5.0,0.9579439252336449
18.0,26.0,1.0,0.8589341692789969,5.0,0.9579439252336449
18.0,27.0,1.0,0.8307210031347962,4.0,0.9723865877712031
18.0,28.0,7.0,0.8541666666666666,5.0,0.9485981308411215
18.0,29.0,1.0,0.8526645768025078,5.0,0.9626168224299065
18.0,30.0,1.0,0.8401253918495298,4.0,0.9694280078895463
18.0,31.0,1.0,0.8495297805642633,5.0,0.9626168224299065
18.0,32.0,1.0,0.8463949843260188,5.0,0.9626168224299065
18.0,33.0,1.0,0.8589341692789969,5.0,0.9579439252336449
18.0,34.0,1.0,0.8526645768025078,5.0,0.9672897196261683
18.0,35.0,1.0,0.8244514106583072,4.0,0.9743589743589743
18.0,36.0,1.0,0.8683385579937304,5.0,0.9579439252336449
18.0,37.0,1.0,0.8746081504702194,5.0,0.9485981308411215
18.0,38.0,1.0,0.8620689655172413,4.0,0.9546351084812623
18.0,39.0,1.0,0.8589341692789969,5.0,0.9532710280373832
18.0,40.0,1.0,0.8369905956112853,5.0,0.9672897196261683
18.0,41.0,1.0,0.8275862068965517,4.0,0.9743589743589743
18.0,42.0,1.0,0.8338557993730408,4.0,0.97534516765286
18.0,43.0,7.0,0.859375,5.0,0.9532710280373832
18.0,44.0,1.0,0.8463949843260188,5.0,0.9579439252336449
18.0,45.0,1.0,0.8432601880877743,5.0,0.9719626168224299
18.0,46.0,1.0,0.8495297805642633,5.0,0.9719626168224299
18.0,47.0,1.0,0.8620689655172413,5.0,0.9579439252336449
18.0,48.0,1.0,0.8432601880877743,4.0,0.9585798816568047
18.0,49.0,1.0,0.8683385579937304,5.0,0.9579439252336449
18.0,50.0,1.0,0.8307210031347962,5.0,0.9719626168224299
18.0,51.0,1.0,0.8683385579937304,5.0,0.9579439252336449
18.0,52.0,7.0,0.8697916666666666,0.0,0.9459459459459459
18.0,53.0,1.0,0.8746081504702194,5.0,0.9579439252336449
18.0,54.0,1.0,0.8463949843260188,5.0,0.9626168224299065
18.0,55.0,1.0,0.8620689655172413,4.0,0.9506903353057199
18.0,56.0,1.0,0.8714733542319749,5.0,0.9579439252336449
18.0,57.0,1.0,0.8714733542319749,5.0,0.9579439252336449
19.0,0.0,1.0,0.8589341692789969,5.0,0.9532710280373832
19.0,1.0,1.0,0.8683385579937304,5.0,0.9672897196261683
19.0,2.0,1.0,0.8369905956112853,5.0,0.9719626168224299
19.0,3.0,1.0,0.8652037617554859,5.0,0.9579439252336449
19.0,4.0,1.0,0.8025078369905956,4.0,0.9842209072978304
19.0,5.0,1.0,0.8746081504702194,5.0,0.9579439252336449
19.0,6.0,1.0,0.8620689655172413,5.0,0.9532710280373832
19.0,7.0,1.0,0.8369905956112853,4.0,0.9733727810650887
19.0,8.0,1.0,0.8526645768025078,4.0,0.9615384615384616
19.0,9.0,7.0,0.8802083333333334,5.0,0.9439252336448598
19.0,10.0,1.0,0.8589341692789969,5.0,0.9626168224299065
19.0,11.0,1.0,0.8652037617554859,5.0,0.9485981308411215
19.0,12.0,1.0,0.8463949843260188,5.0,0.9626168224299065
19.0,13.0,1.0,0.8432601880877743,5.0,0.9626168224299065
19.0,14.0,1.0,0.877742946708464,5.0,0.9439252336448598
19.0,15.0,1.0,0.8495297805642633,4.0,0.9635108481262328
19.0,16.0,1.0,0.8620689655172413,5.0,0.9626168224299065
19.0,17.0,7.0,0.8645833333333334,5.0,0.9579439252336449
19.0,18.0,7.0,0.8697916666666666,5.0,0.9579439252336449
19.0,19.0,1.0,0.8557993730407524,5.0,0.9626168224299065
19.0,20.0,1.0,0.8463949843260188,4.0,0.9694280078895463
19.0,21.0,1.0,0.8589341692789969,5.0,0.9719626168224299
19.0,22.0,7.0,0.8697916666666666,5.0,0.9439252336448598
19.0,23.0,1.0,0.8307210031347962,5.0,0.9766355140186916
19.0,24.0,1.0,0.8463949843260188,4.0,0.9684418145956607
19.0,25.0,1.0,0.8652037617554859,5.0,0.9626168224299065
19.0,26.0,6.0,0.8660287081339713,4.0,0.9408284023668639
19.0,27.0,1.0,0.8620689655172413,4.0,0.9546351084812623
19.0,28.0,1.0,0.8589341692789969,5.0,0.9672897196261683
19.0,29.0,7.0,0.875,5.0,0.9485981308411215
19.0,30.0,1.0,0.8495297805642633,5.0,0.9719626168224299
19.0,31.0,1.0,0.8401253918495298,5.0,0.9626168224299065
19.0,32.0,1.0,0.8620689655172413,5.0,0.9626168224299065
19.0,33.0,7.0,0.8645833333333334,5.0,0.9485981308411215
19.0,34.0,7.0,0.8541666666666666,0.0,0.9459459459459459
19.0,35.0,1.0,0.8683385579937304,5.0,0.9579439252336449
19.0,36.0,1.0,0.8620689655172413,5.0,0.9626168224299065
19.0,37.0,1.0,0.8620689655172413,5.0,0.9626168224299065
19.0,38.0,7.0,0.8697916666666666,0.0,0.9459459459459459
19.0,39.0,1.0,0.8526645768025078,5.0,0.9626168224299065
19.0,40.0,1.0,0.8432601880877743,5.0,0.9672897196261683
19.0,41.0,1.0,0.8589341692789969,5.0,0.9672897196261683
19.0,42.0,1.0,0.8495297805642633,4.0,0.9664694280078896
19.0,43.0,1.0,0.8463949843260188,4.0,0.9635108481262328
19.0,44.0,7.0,0.875,5.0,0.9439252336448598
19.0,45.0,1.0,0.8213166144200627,4.0,0.9684418145956607
19.0,46.0,1.0,0.8714733542319749,5.0,0.9532710280373832
19.0,47.0,1.0,0.8275862068965517,4.0,0.9763313609467456
19.0,48.0,1.0,0.8338557993730408,4.0,0.9733727810650887
19.0,49.0,1.0,0.8589341692789969,5.0,0.9626168224299065
19.0,50.0,1.0,0.8307210031347962,4.0,0.9743589743589743
19.0,51.0,1.0,0.8338557993730408,4.0,0.9743589743589743
19.0,52.0,1.0,0.8369905956112853,5.0,0.9719626168224299
19.0,53.0,1.0,0.8808777429467085,4.0,0.9388560157790927
19.0,54.0,1.0,0.8557993730407524,4.0,0.965483234714004
19.0,55.0,1.0,0.8401253918495298,4.0,0.9733727810650887
19.0,56.0,1.0,0.8526645768025078,5.0,0.9626168224299065
19.0,57.0,7.0,0.8697916666666666,5.0,0.9439252336448598
20.0,0.0,7.0,0.875,5.0,0.9579439252336449
20.0,1.0,7.0,0.859375,5.0,0.9485981308411215
20.0,2.0,1.0,0.8307210031347962,4.0,0.9743589743589743
20.0,3.0,1.0,0.8714733542319749,5.0,0.9579439252336449
20.0,4.0,1.0,0.8652037617554859,5.0,0.9532710280373832
20.0,5.0,1.0,0.8526645768025078,4.0,0.9635108481262328
20.0,6.0,1.0,0.8244514106583072,5.0,0.9766355140186916
20.0,7.0,1.0,0.8369905956112853,4.0,0.9585798816568047
20.0,8.0,1.0,0.8746081504702194,5.0,0.9485981308411215
20.0,9.0,1.0,0.8683385579937304,5.0,0.9532710280373832
20.0,10.0,1.0,0.8432601880877743,5.0,0.9672897196261683
20.0,11.0,1.0,0.8620689655172413,5.0,0.9672897196261683
20.0,12.0,1.0,0.8714733542319749,5.0,0.9485981308411215
20.0,13.0,1.0,0.8495297805642633,5.0,0.9672897196261683
20.0,14.0,7.0,0.8541666666666666,2.0,0.9488636363636364
20.0,15.0,1.0,0.8589341692789969,4.0,0.9595660749506904
20.0,16.0,1.0,0.8432601880877743,5.0,0.9766355140186916
20.0,17.0,1.0,0.8369905956112853,5.0,0.9672897196261683
20.0,18.0,7.0,0.8697916666666666,5.0,0.9532710280373832
20.0,19.0,1.0,0.8432601880877743,5.0,0.9626168224299065
20.0,20.0,7.0,0.8802083333333334,5.0,0.9439252336448598
20.0,21.0,1.0,0.8683385579937304,4.0,0.9477317554240631
20.0,22.0,1.0,0.8557993730407524,4.0,0.9625246548323472
20.0,23.0,1.0,0.8620689655172413,4.0,0.9595660749506904
20.0,24.0,7.0,0.875,5.0,0.9392523364485982
20.0,25.0,1.0,0.8432601880877743,5.0,0.9766355140186916
20.0,26.0,1.0,0.8275862068965517,4.0,0.9723865877712031
20.0,27.0,1.0,0.8526645768025078,5.0,0.9719626168224299
20.0,28.0,1.0,0.8683385579937304,5.0,0.9579439252336449
20.0,29.0,1.0,0.8620689655172413,4.0,0.9526627218934911
20.0,30.0,6.0,0.861244019138756,5.0,0.9532710280373832
20.0,31.0,1.0,0.8589341692789969,5.0,0.9672897196261683
20.0,32.0,1.0,0.8652037617554859,5.0,0.9626168224299065
20.0,33.0,1.0,0.877742946708464,5.0,0.9532710280373832
20.0,34.0,1.0,0.8652037617554859,5.0,0.9579439252336449
20.0,35.0,1.0,0.8463949843260188,4.0,0.9635108481262328
20.0,36.0,1.0,0.8557993730407524,5.0,0.9579439252336449
20.0,37.0,1.0,0.8338557993730408,5.0,0.9672897196261683
20.0,38.0,7.0,0.8489583333333334,2.0,0.9431818181818182
20.0,39.0,1.0,0.8620689655172413,5.0,0.9579439252336449
20.0,40.0,1.0,0.8714733542319749,5.0,0.9532710280373832
20.0,41.0,1.0,0.8683385579937304,5.0,0.9579439252336449
20.0,42.0,7.0,0.8697916666666666,0.0,0.9459459459459459
20.0,43.0,1.0,0.8840125391849529,5.0,0.9532710280373832
20.0,44.0,1.0,0.8589341692789969,4.0,0.9556213017751479
20.0,45.0,1.0,0.8840125391849529,5.0,0.9579439252336449
20.0,46.0,1.0,0.8526645768025078,5.0,0.9672897196261683
20.0,47.0,7.0,0.8645833333333334,5.0,0.9485981308411215
20.0,48.0,1.0,0.8275862068965517,4.0,0.9723865877712031
20.0,49.0,1.0,0.8495297805642633,5.0,0.9626168224299065
20.0,50.0,1.0,0.8652037617554859,5.0,0.9579439252336449
20.0,51.0,1.0,0.8557993730407524,5.0,0.9672897196261683
20.0,52.0,1.0,0.8589341692789969,5.0,0.9579439252336449
20.0,53.0,1.0,0.8401253918495298,5.0,0.9719626168224299
20.0,54.0,1.0,0.8683385579937304,4.0,0.9556213017751479
20.0,55.0,1.0,0.8652037617554859,5.0,0.9579439252336449
20.0,56.0,1.0,0.8401253918495298,4.0,0.9674556213017751
20.0,57.0,1.0,0.877742946708464,0.0,0.954954954954955
21.0,0.0,1.0,0.8714733542319749,5.0,0.9672897196261683
21.0,1.0,1.0,0.8557993730407524,4.0,0.9684418145956607
21.0,2.0,7.0,0.8697916666666666,5.0,0.9579439252336449
21.0,3.0,1.0,0.8683385579937304,5.0,0.9672897196261683
21.0,4.0,7.0,0.8697916666666666,0.0,0.9459459459459459
21.0,5.0,1.0,0.8620689655172413,5.0,0.9532710280373832
21.0,6.0,1.0,0.8495297805642633,5.0,0.9626168224299065
21.0,7.0,1.0,0.8808777429467085,5.0,0.9439252336448598
21.0,8.0,1.0,0.8714733542319749,5.0,0.9532710280373832
21.0,9.0,1.0,0.8495297805642633,5.0,0.9626168224299065
21.0,10.0,1.0,0.8746081504702194,0.0,0.954954954954955
21.0,11.0,1.0,0.8589341692789969,5.0,0.9672897196261683
21.0,12.0,1.0,0.8495297805642633,5.0,0.9672897196261683
21.0,13.0,1.0,0.8746081504702194,5.0,0.9532710280373832
21.0,14.0,1.0,0.8652037617554859,5.0,0.9579439252336449
21.0,15.0,1.0,0.8307210031347962,4.0,0.9723865877712031
21.0,16.0,1.0,0.8557993730407524,5.0,0.9672897196261683
21.0,17.0,1.0,0.8620689655172413,5.0,0.9626168224299065
21.0,18.0,1.0,0.8495297805642633,4.0,0.9684418145956607
21.0,19.0,1.0,0.8746081504702194,5.0,0.9626168224299065
21.0,20.0,7.0,0.8697916666666666,5.0,0.9626168224299065
21.0,21.0,1.0,0.8463949843260188,5.0,0.9719626168224299
21.0,22.0,1.0,0.877742946708464,5.0,0.9626168224299065
21.0,23.0,1.0,0.8746081504702194,5.0,0.9532710280373832
21.0,24.0,7.0,0.8697916666666666,0.0,0.9459459459459459
21.0,25.0,1.0,0.8369905956112853,4.0,0.9733727810650887
21.0,26.0,1.0,0.8620689655172413,5.0,0.9626168224299065
21.0,27.0,1.0,0.8683385579937304,5.0,0.9579439252336449
21.0,28.0,1.0,0.8495297805642633,4.0,0.9733727810650887
21.0,29.0,1.0,0.8432601880877743,5.0,0.9719626168224299
21.0,30.0,6.0,0.8660287081339713,0.0,0.954954954954955
21.0,31.0,1.0,0.8557993730407524,5.0,0.9672897196261683
21.0,32.0,1.0,0.8432601880877743,5.0,0.9719626168224299
21.0,33.0,1.0,0.877742946708464,4.0,0.9487179487179487
21.0,34.0,1.0,0.8526645768025078,4.0,0.9644970414201184
21.0,35.0,1.0,0.8557993730407524,5.0,0.9719626168224299
21.0,36.0,1.0,0.8746081504702194,5.0,0.9579439252336449
21.0,37.0,1.0,0.8683385579937304,5.0,0.9672897196261683
21.0,38.0,1.0,0.8620689655172413,5.0,0.9579439252336449
21.0,39.0,1.0,0.8557993730407524,5.0,0.9626168224299065
21.0,40.0,6.0,0.8708133971291866,5.0,0.9532710280373832
21.0,41.0,1.0,0.8495297805642633,5.0,0.9579439252336449
21.0,42.0,1.0,0.8369905956112853,4.0,0.9723865877712031
21.0,43.0,1.0,0.8495297805642633,4.0,0.9674556213017751
21.0,44.0,7.0,0.8802083333333334,5.0,0.9579439252336449
21.0,45.0,1.0,0.8526645768025078,5.0,0.9532710280373832
21.0,46.0,1.0,0.8338557993730408,5.0,0.9719626168224299
21.0,47.0,1.0,0.8620689655172413,4.0,0.9585798816568047
21.0,48.0,1.0,0.8401253918495298,5.0,0.9626168224299065
21.0,49.0,1.0,0.8589341692789969,5.0,0.9672897196261683
21.0,50.0,1.0,0.8652037617554859,5.0,0.9766355140186916
21.0,51.0,1.0,0.8369905956112853,5.0,0.9626168224299065
21.0,52.0,1.0,0.8683385579937304,4.0,0.9477317554240631
21.0,53.0,1.0,0.8652037617554859,5.0,0.9532710280373832
21.0,54.0,1.0,0.8244514106583072,5.0,0.9719626168224299
21.0,55.0,7.0,0.8645833333333334,4.0,0.9388560157790927
21.0,56.0,7.0,0.8697916666666666,5.0,0.9579439252336449
21.0,57.0,1.0,0.8589341692789969,4.0,0.9526627218934911
22.0,0.0,1.0,0.8589341692789969,5.0,0.9532710280373832
22.0,1.0,1.0,0.8557993730407524,4.0,0.9615384615384616
22.0,2.0,1.0,0.8463949843260188,5.0,0.9672897196261683
22.0,3.0,1.0,0.8526645768025078,4.0,0.9615384615384616
22.0,4.0,1.0,0.8620689655172413,5.0,0.9672897196261683
22.0,5.0,7.0,0.8802083333333334,4.0,0.9457593688362919
22.0,6.0,1.0,0.8620689655172413,5.0,0.9579439252336449
22.0,7.0,7.0,0.875,5.0,0.9485981308411215
22.0,8.0,1.0,0.8463949843260188,4.0,0.9664694280078896
22.0,9.0,1.0,0.8432601880877743,5.0,0.9719626168224299
22.0,10.0,1.0,0.8620689655172413,5.0,0.9579439252336449
22.0,11.0,1.0,0.8401253918495298,4.0,0.9704142011834319
22.0,12.0,7.0,0.859375,5.0,0.9626168224299065
22.0,13.0,1.0,0.8652037617554859,4.0,0.9595660749506904
22.0,14.0,7.0,0.8697916666666666,5.0,0.9532710280373832
22.0,15.0,1.0,0.8557993730407524,5.0,0.9579439252336449
22.0,16.0,6.0,0.8421052631578947,0.0,0.972972972972973
22.0,17.0,1.0,0.8714733542319749,0.0,0.9459459459459459
22.0,18.0,7.0,0.875,5.0,0.9532710280373832
22.0,19.0,1.0,0.8557993730407524,5.0,0.9579439252336449
22.0,20.0,1.0,0.8620689655172413,4.0,0.9566074950690335
22.0,21.0,1.0,0.8495297805642633,5.0,0.9719626168224299
22.0,22.0,1.0,0.8557993730407524,5.0,0.9579439252336449
22.0,23.0,7.0,0.875,5.0,0.9532710280373832
22.0,24.0,1.0,0.8432601880877743,4.0,0.9763313609467456
22.0,25.0,1.0,0.8683385579937304,5.0,0.9579439252336449
22.0,26.0,1.0,0.8526645768025078,4.0,0.9635108481262328
22.0,27.0,1.0,0.8463949843260188,5.0,0.9719626168224299
22.0,28.0,1.0,0.8526645768025078,5.0,0.9626168224299065
22.0,29.0,1.0,0.8432601880877743,5.0,0.9672897196261683
22.0,30.0,1.0,0.8652037617554859,5.0,0.9485981308411215
22.0,31.0,1.0,0.8683385579937304,5.0,0.9485981308411215
22.0,32.0,1.0,0.8683385579937304,4.0,0.9536489151873767
22.0,33.0,1.0,0.8589341692789969,4.0,0.9644970414201184
22.0,34.0,1.0,0.8463949843260188,4.0,0.9694280078895463
22.0,35.0,7.0,0.8802083333333334,5.0,0.9485981308411215
22.0,36.0,1.0,0.8401253918495298,4.0,0.965483234714004
22.0,37.0,1.0,0.8463949843260188,5.0,0.9672897196261683
22.0,38.0,1.0,0.8683385579937304,0.0,0.954954954954955
22.0,39.0,7.0,0.8489583333333334,2.0,0.9431818181818182
22.0,40.0,1.0,0.8620689655172413,5.0,0.9672897196261683
22.0,41.0,6.0,0.8755980861244019,0.0,0.9459459459459459
22.0,42.0,6.0,0.8277511961722488,2.0,0.9602272727272727
22.0,43.0,1.0,0.8401253918495298,4.0,0.9684418145956607
22.0,44.0,1.0,0.8557993730407524,5.0,0.9672897196261683
22.0,45.0,7.0,0.8697916666666666,5.0,0.9392523364485982
22.0,46.0,1.0,0.8338557993730408,5.0,0.9766355140186916
22.0,47.0,1.0,0.8620689655172413,4.0,0.9595660749506904
22.0,48.0,1.0,0.8401253918495298,4.0,0.965483234714004
22.0,49.0,1.0,0.8495297805642633,5.0,0.9672897196261683
22.0,50.0,1.0,0.877742946708464,5.0,0.9579439252336449
22.0,51.0,1.0,0.8589341692789969,4.0,0.9674556213017751
22.0,52.0,1.0,0.8714733542319749,5.0,0.9579439252336449
22.0,53.0,1.0,0.8620689655172413,4.0,0.9585798816568047
22.0,54.0,7.0,0.875,4.0,0.9447731755424064
22.0,55.0,1.0,0.8683385579937304,5.0,0.9626168224299065
22.0,56.0,1.0,0.8432601880877743,5.0,0.9672897196261683
22.0,57.0,1.0,0.8213166144200627,4.0,0.9763313609467456
23.0,0.0,7.0,0.8697916666666666,5.0,0.9485981308411215
23.0,1.0,7.0,0.8697916666666666,4.0,0.9526627218934911
23.0,2.0,1.0,0.8652037617554859,5.0,0.9485981308411215
23.0,3.0,1.0,0.8808777429467085,5.0,0.9485981308411215
23.0,4.0,1.0,0.8432601880877743,5.0,0.9672897196261683
23.0,5.0,1.0,0.8526645768025078,5.0,0.9626168224299065
23.0,6.0,1.0,0.8589341692789969,4.0,0.9664694280078896
23.0,7.0,1.0,0.8620689655172413,4.0,0.9595660749506904
23.0,8.0,7.0,0.875,5.0,0.9485981308411215
23.0,9.0,1.0,0.8589341692789969,5.0,0.9626168224299065
23.0,10.0,7.0,0.8645833333333334,0.0,0.9459459459459459
23.0,11.0,1.0,0.8652037617554859,5.0,0.9626168224299065
23.0,12.0,1.0,0.8557993730407524,5.0,0.9626168224299065
23.0,13.0,1.0,0.8652037617554859,5.0,0.9626168224299065
23.0,14.0,1.0,0.8746081504702194,5.0,0.9532710280373832
23.0,15.0,1.0,0.8746081504702194,0.0,0.9459459459459459
23.0,16.0,1.0,0.8495297805642633,5.0,0.9719626168224299
23.0,17.0,1.0,0.8714733542319749,5.0,0.9672897196261683
23.0,18.0,1.0,0.8526645768025078,4.0,0.9644970414201184
23.0,19.0,1.0,0.8683385579937304,5.0,0.9579439252336449
23.0,20.0,1.0,0.8463949843260188,5.0,0.9766355140186916
23.0,21.0,1.0,0.877742946708464,5.0,0.9532710280373832
23.0,22.0,1.0,0.8746081504702194,5.0,0.9532710280373832
23.0,23.0,1.0,0.8714733542319749,5.0,0.9579439252336449
23.0,24.0,1.0,0.8683385579937304,5.0,0.9672897196261683
23.0,25.0,7.0,0.8854166666666666,4.0,0.9506903353057199
23.0,26.0,1.0,0.8557993730407524,5.0,0.9719626168224299
23.0,27.0,1.0,0.8589341692789969,5.0,0.9626168224299065
23.0,28.0,1.0,0.8746081504702194,4.0,0.9575936883629191
23.0,29.0,1.0,0.8746081504702194,5.0,0.9485981308411215
23.0,30.0,1.0,0.8620689655172413,5.0,0.9579439252336449
23.0,31.0,2.0,0.8238636363636364,4.0,0.9783037475345168
23.0,32.0,1.0,0.8463949843260188,4.0,0.9635108481262328
23.0,33.0,1.0,0.8369905956112853,4.0,0.9773175542406312
23.0,34.0,1.0,0.8746081504702194,5.0,0.9532710280373832
23.0,35.0,7.0,0.859375,5.0,0.9626168224299065
23.0,36.0,1.0,0.8714733542319749,5.0,0.9626168224299065
23.0,37.0,1.0,0.8557993730407524,5.0,0.9672897196261683
23.0,38.0,1.0,0.8369905956112853,5.0,0.9719626168224299
23.0,39.0,7.0,0.875,5.0,0.9485981308411215
23.0,40.0,1.0,0.8620689655172413,5.0,0.9672897196261683
23.0,41.0,1.0,0.8746081504702194,5.0,0.9626168224299065
23.0,42.0,1.0,0.877742946708464,5.0,0.9532710280373832
23.0,43.0,1.0,0.8526645768025078,4.0,0.9536489151873767
23.0,44.0,1.0,0.8620689655172413,5.0,0.9626168224299065
23.0,45.0,1.0,0.8683385579937304,4.0,0.9536489151873767
23.0,46.0,7.0,0.859375,0.0,0.9459459459459459
23.0,47.0,1.0,0.8557993730407524,5.0,0.9626168224299065
23.0,48.0,1.0,0.8746081504702194,5.0,0.9626168224299065
23.0,49.0,1.0,0.8714733542319749,0.0,0.9459459459459459
23.0,50.0,7.0,0.8645833333333334,5.0,0.9579439252336449
23.0,51.0,1.0,0.8589341692789969,4.0,0.9556213017751479
23.0,52.0,7.0,0.875,5.0,0.9392523364485982
23.0,53.0,1.0,0.8307210031347962,4.0,0.9723865877712031
23.0,54.0,1.0,0.8620689655172413,5.0,0.9579439252336449
23.0,55.0,1.0,0.8620689655172413,5.0,0.9626168224299065
23.0,56.0,1.0,0.8275862068965517,5.0,0.9766355140186916
23.0,57.0,1.0,0.8526645768025078,5.0,0.9719626168224299
24.0,0.0,1.0,0.8181818181818182,4.0,0.9792899408284024
24.0,1.0,7.0,0.8802083333333334,5.0,0.9532710280373832
24.0,2.0,1.0,0.8526645768025078,5.0,0.9719626168224299
24.0,3.0,1.0,0.8401253918495298,4.0,0.9733727810650887
24.0,4.0,1.0,0.8620689655172413,4.0,0.9644970414201184
24.0,5.0,1.0,0.8463949843260188,4.0,0.9704142011834319
24.0,6.0,1.0,0.8150470219435737,5.0,0.9813084112149533
24.0,7.0,1.0,0.8652037617554859,5.0,0.9626168224299065
24.0,8.0,1.0,0.8463949843260188,4.0,0.9674556213017751
24.0,9.0,1.0,0.8401253918495298,5.0,0.9719626168224299
24.0,10.0,1.0,0.8620689655172413,4.0,0.9536489151873767
24.0,11.0,1.0,0.8746081504702194,5.0,0.9719626168224299
24.0,12.0,1.0,0.8495297805642633,5.0,0.9672897196261683
24.0,13.0,1.0,0.8683385579937304,4.0,0.9644970414201184
24.0,14.0,6.0,0.8660287081339713,5.0,0.9392523364485982
24.0,15.0,1.0,0.8808777429467085,5.0,0.9532710280373832
24.0,16.0,1.0,0.8526645768025078,5.0,0.9719626168224299
24.0,17.0,1.0,0.8620689655172413,5.0,0.9626168224299065
24.0,18.0,1.0,0.8589341692789969,4.0,0.9585798816568047
24.0,19.0,1.0,0.8526645768025078,5.0,0.9672897196261683
24.0,20.0,1.0,0.8620689655172413,5.0,0.9719626168224299
24.0,21.0,1.0,0.877742946708464,5.0,0.9626168224299065
24.0,22.0,1.0,0.8557993730407524,5.0,0.9626168224299065
24.0,23.0,1.0,0.877742946708464,5.0,0.9532710280373832
24.0,24.0,1.0,0.8652037617554859,4.0,0.9585798816568047
24.0,25.0,1.0,0.8401253918495298,4.0,0.9704142011834319
24.0,26.0,1.0,0.8589341692789969,5.0,0.9626168224299065
24.0,27.0,7.0,0.8802083333333334,5.0,0.9485981308411215
24.0,28.0,1.0,0.8652037617554859,4.0,0.960552268244576
24.0,29.0,1.0,0.8714733542319749,2.0,0.9488636363636364
24.0,30.0,1.0,0.8244514106583072,5.0,0.9719626168224299
24.0,31.0,7.0,0.875,5.0,0.9532710280373832
24.0,32.0,1.0,0.8714733542319749,5.0,0.9532710280373832
24.0,33.0,1.0,0.8683385579937304,5.0,0.9579439252336449
24.0,34.0,1.0,0.8557993730407524,4.0,0.960552268244576
24.0,35.0,1.0,0.8652037617554859,5.0,0.9672897196261683
24.0,36.0,1.0,0.8589341692789969,5.0,0.9626168224299065
24.0,37.0,1.0,0.8557993730407524,4.0,0.9684418145956607
24.0,38.0,1.0,0.8620689655172413,5.0,0.9626168224299065
24.0,39.0,1.0,0.8652037617554859,5.0,0.9626168224299065
24.0,40.0,1.0,0.8683385579937304,4.0,0.9575936883629191
24.0,41.0,1.0,0.8432601880877743,4.0,0.9723865877712031
24.0,42.0,1.0,0.8714733542319749,4.0,0.9487179487179487
24.0,43.0,1.0,0.8307210031347962,4.0,0.9743589743589743
24.0,44.0,1.0,0.8714733542319749,5.0,0.9626168224299065
24.0,45.0,1.0,0.8652037617554859,4.0,0.9585798816568047
24.0,46.0,1.0,0.8620689655172413,4.0,0.9674556213017751
24.0,47.0,1.0,0.8652037617554859,5.0,0.9579439252336449
24.0,48.0,1.0,0.8432601880877743,5.0,0.9672897196261683
24.0,49.0,1.0,0.8526645768025078,4.0,0.9684418145956607
24.0,50.0,7.0,0.8802083333333334,4.0,0.9477317554240631
24.0,51.0,1.0,0.8620689655172413,5.0,0.9626168224299065
24.0,52.0,1.0,0.8652037617554859,4.0,0.9536489151873767
24.0,53.0,1.0,0.8526645768025078,5.0,0.9579439252336449
24.0,54.0,7.0,0.8697916666666666,5.0,0.9485981308411215
24.0,55.0,1.0,0.8526645768025078,5.0,0.9672897196261683
24.0,56.0,7.0,0.8802083333333334,5.0,0.9532710280373832
24.0,57.0,1.0,0.8746081504702194,5.0,0.9485981308411215
25.0,0.0,7.0,0.859375,0.0,0.954954954954955
25.0,1.0,1.0,0.8495297805642633,5.0,0.9719626168224299
25.0,2.0,1.0,0.8463949843260188,5.0,0.9719626168224299
25.0,3.0,1.0,0.8714733542319749,5.0,0.9626168224299065
25.0,4.0,1.0,0.8808777429467085,5.0,0.9485981308411215
25.0,5.0,1.0,0.8244514106583072,5.0,0.9766355140186916
25.0,6.0,6.0,0.8516746411483254,5.0,0.9345794392523364
25.0,7.0,1.0,0.8652037617554859,5.0,0.9672897196261683
25.0,8.0,1.0,0.8463949843260188,4.0,0.9733727810650887
25.0,9.0,1.0,0.8526645768025078,5.0,0.9719626168224299
25.0,10.0,1.0,0.8589341692789969,5.0,0.9626168224299065
25.0,11.0,1.0,0.8620689655172413,5.0,0.9579439252336449
25.0,12.0,1.0,0.8495297805642633,5.0,0.9766355140186916
25.0,13.0,1.0,0.8369905956112853,4.0,0.9792899408284024
25.0,14.0,1.0,0.8526645768025078,4.0,0.9684418145956607
25.0,15.0,7.0,0.8645833333333334,5.0,0.9439252336448598
25.0,16.0,1.0,0.8369905956112853,5.0,0.9766355140186916
25.0,17.0,1.0,0.8495297805642633,5.0,0.9719626168224299
25.0,18.0,6.0,0.84688995215311,0.0,0.9459459459459459
25.0,19.0,1.0,0.8526645768025078,5.0,0.9672897196261683
25.0,20.0,7.0,0.8489583333333334,0.0,0.954954954954955
25.0,21.0,6.0,0.8755980861244019,5.0,0.9532710280373832
25.0,22.0,1.0,0.8432601880877743,4.0,0.9783037475345168
25.0,23.0,1.0,0.8557993730407524,4.0,0.9635108481262328
25.0,24.0,1.0,0.8683385579937304,5.0,0.9626168224299065
25.0,25.0,1.0,0.877742946708464,4.0,0.9497041420118343
25.0,26.0,1.0,0.8369905956112853,5.0,0.9766355140186916
25.0,27.0,7.0,0.8802083333333334,5.0,0.9485981308411215
25.0,28.0,7.0,0.8697916666666666,5.0,0.9579439252336449
25.0,29.0,3.0,0.8695652173913043,5.0,0.9626168224299065
25.0,30.0,7.0,0.8697916666666666,5.0,0.9626168224299065
25.0,31.0,7.0,0.8697916666666666,0.0,0.9459459459459459
25.0,32.0,1.0,0.8620689655172413,5.0,0.9626168224299065
25.0,33.0,1.0,0.8683385579937304,5.0,0.9626168224299065
25.0,34.0,1.0,0.8746081504702194,5.0,0.9626168224299065
25.0,35.0,1.0,0.8808777429467085,5.0,0.9532710280373832
25.0,36.0,1.0,0.8652037617554859,5.0,0.9672897196261683
25.0,37.0,1.0,0.8714733542319749,4.0,0.9615384615384616
25.0,38.0,1.0,0.8808777429467085,5.0,0.9672897196261683
25.0,39.0,1.0,0.8244514106583072,4.0,0.9773175542406312
25.0,40.0,1.0,0.8589341692789969,5.0,0.9766355140186916
25.0,41.0,1.0,0.8620689655172413,4.0,0.9556213017751479
25.0,42.0,1.0,0.8526645768025078,4.0,0.9733727810650887
25.0,43.0,1.0,0.8746081504702194,5.0,0.9672897196261683
25.0,44.0,1.0,0.8683385579937304,5.0,0.9719626168224299
25.0,45.0,1.0,0.8683385579937304,5.0,0.9579439252336449
25.0,46.0,1.0,0.8652037617554859,5.0,0.9626168224299065
25.0,47.0,1.0,0.8714733542319749,4.0,0.9546351084812623
25.0,48.0,1.0,0.8463949843260188,5.0,0.9719626168224299
25.0,49.0,1.0,0.8683385579937304,5.0,0.9626168224299065
25.0,50.0,1.0,0.8338557993730408,5.0,0.9766355140186916
25.0,51.0,1.0,0.8620689655172413,4.0,0.965483234714004
25.0,52.0,1.0,0.877742946708464,5.0,0.9532710280373832
25.0,53.0,1.0,0.8683385579937304,5.0,0.9626168224299065
25.0,54.0,7.0,0.875,5.0,0.9485981308411215
25.0,55.0,1.0,0.8463949843260188,5.0,0.9719626168224299
25.0,56.0,1.0,0.8495297805642633,4.0,0.9684418145956607
25.0,57.0,1.0,0.8652037617554859,5.0,0.9672897196261683
26.0,0.0,1.0,0.8307210031347962,4.0,0.9783037475345168
26.0,1.0,1.0,0.877742946708464,5.0,0.9485981308411215
26.0,2.0,1.0,0.8620689655172413,4.0,0.9585798816568047
26.0,3.0,1.0,0.8620689655172413,5.0,0.9579439252336449
26.0,4.0,1.0,0.8369905956112853,4.0,0.9723865877712031
26.0,5.0,1.0,0.8495297805642633,5.0,0.9579439252336449
26.0,6.0,1.0,0.877742946708464,5.0,0.9579439252336449
26.0,7.0,1.0,0.8683385579937304,4.0,0.9546351084812623
26.0,8.0,1.0,0.8495297805642633,4.0,0.9635108481262328
26.0,9.0,1.0,0.8307210031347962,4.0,0.9832347140039448
26.0,10.0,1.0,0.8463949843260188,4.0,0.9694280078895463
26.0,11.0,1.0,0.877742946708464,5.0,0.9532710280373832
26.0,12.0,1.0,0.8652037617554859,4.0,0.9615384615384616
26.0,13.0,1.0,0.8432601880877743,4.0,0.980276134122288
26.0,14.0,7.0,0.8697916666666666,5.0,0.9532710280373832
26.0,15.0,1.0,0.8746081504702194,5.0,0.9532710280373832
26.0,16.0,1.0,0.8369905956112853,4.0,0.9723865877712031
26.0,17.0,1.0,0.877742946708464,5.0,0.9532710280373832
26.0,18.0,1.0,0.8432601880877743,5.0,0.9672897196261683
26.0,19.0,1.0,0.8652037617554859,4.0,0.9546351084812623
26.0,20.0,1.0,0.8589341692789969,5.0,0.9626168224299065
26.0,21.0,2.0,0.8636363636363636,5.0,0.9626168224299065
26.0,22.0,1.0,0.8526645768025078,5.0,0.9672897196261683
26.0,23.0,3.0,0.8623188405797102,5.0,0.9719626168224299
26.0,24.0,1.0,0.8840125391849529,5.0,0.9439252336448598
26.0,25.0,1.0,0.8401253918495298,4.0,0.9773175542406312
26.0,26.0,7.0,0.859375,5.0,0.9485981308411215
26.0,27.0,1.0,0.8307210031347962,5.0,0.9766355140186916
26.0,28.0,7.0,0.8645833333333334,5.0,0.9672897196261683
26.0,29.0,1.0,0.8463949843260188,5.0,0.9719626168224299
26.0,30.0,1.0,0.8808777429467085,5.0,0.9485981308411215
26.0,31.0,1.0,0.8714733542319749,5.0,0.9532710280373832
26.0,32.0,1.0,0.8746081504702194,4.0,0.9536489151873767
26.0,33.0,1.0,0.877742946708464,4.0,0.9546351084812623
26.0,34.0,1.0,0.8401253918495298,5.0,0.9672897196261683
26.0,35.0,1.0,0.8714733542319749,5.0,0.9672897196261683
26.0,36.0,7.0,0.8697916666666666,5.0,0.9532710280373832
26.0,37.0,1.0,0.8526645768025078,5.0,0.9719626168224299
26.0,38.0,1.0,0.8620689655172413,5.0,0.9719626168224299
26.0,39.0,1.0,0.8589341692789969,5.0,0.9672897196261683
26.0,40.0,1.0,0.877742946708464,5.0,0.9626168224299065
26.0,41.0,1.0,0.877742946708464,5.0,0.9579439252336449
26.0,42.0,1.0,0.8432601880877743,5.0,0.9719626168224299
26.0,43.0,6.0,0.8708133971291866,5.0,0.9579439252336449
26.0,44.0,1.0,0.8714733542319749,5.0,0.9672897196261683
26.0,45.0,1.0,0.8808777429467085,5.0,0.9532710280373832
26.0,46.0,7.0,0.8645833333333334,5.0,0.9579439252336449
26.0,47.0,1.0,0.8526645768025078,5.0,0.9719626168224299
26.0,48.0,1.0,0.8652037617554859,4.0,0.9644970414201184
26.0,49.0,1.0,0.8714733542319749,5.0,0.9672897196261683
26.0,50.0,1.0,0.8714733542319749,5.0,0.9626168224299065
26.0,51.0,7.0,0.875,5.0,0.9579439252336449
26.0,52.0,1.0,0.8338557993730408,5.0,0.985981308411215
26.0,53.0,1.0,0.8589341692789969,5.0,0.9672897196261683
26.0,54.0,1.0,0.8746081504702194,5.0,0.9579439252336449
26.0,55.0,7.0,0.8802083333333334,4.0,0.9506903353057199
26.0,56.0,1.0,0.8401253918495298,4.0,0.9684418145956607
26.0,57.0,1.0,0.8746081504702194,5.0,0.9579439252336449
27.0,0.0,1.0,0.8746081504702194,4.0,0.9595660749506904
27.0,1.0,6.0,0.861244019138756,5.0,0.9485981308411215
27.0,2.0,1.0,0.8683385579937304,5.0,0.9579439252336449
27.0,3.0,7.0,0.8697916666666666,5.0,0.9579439252336449
27.0,4.0,1.0,0.8620689655172413,5.0,0.9532710280373832
27.0,5.0,1.0,0.8683385579937304,4.0,0.9566074950690335
27.0,6.0,1.0,0.8683385579937304,5.0,0.9672897196261683
27.0,7.0,1.0,0.8526645768025078,4.0,0.97534516765286
27.0,8.0,1.0,0.8714733542319749,4.0,0.9477317554240631
27.0,9.0,1.0,0.877742946708464,5.0,0.9579439252336449
27.0,10.0,1.0,0.8714733542319749,4.0,0.9625246548323472
27.0,11.0,1.0,0.8652037617554859,5.0,0.9626168224299065
27.0,12.0,1.0,0.8369905956112853,5.0,0.9719626168224299
27.0,13.0,1.0,0.8495297805642633,5.0,0.9766355140186916
27.0,14.0,1.0,0.8746081504702194,5.0,0.9532710280373832
27.0,15.0,7.0,0.8645833333333334,5.0,0.9485981308411215
27.0,16.0,1.0,0.8432601880877743,5.0,0.9719626168224299
27.0,17.0,1.0,0.8275862068965517,4.0,0.9792899408284024
27.0,18.0,1.0,0.8714733542319749,5.0,0.9579439252336449
27.0,19.0,1.0,0.8652037617554859,5.0,0.9719626168224299
27.0,20.0,7.0,0.8802083333333334,5.0,0.9485981308411215
27.0,21.0,1.0,0.8401253918495298,4.0,0.9635108481262328
27.0,22.0,3.0,0.855072463768116,4.0,0.9635108481262328
27.0,23.0,1.0,0.8714733542319749,4.0,0.9556213017751479
27.0,24.0,1.0,0.8495297805642633,4.0,0.9644970414201184
27.0,25.0,1.0,0.8620689655172413,4.0,0.9615384615384616
27.0,26.0,1.0,0.8683385579937304,5.0,0.9626168224299065
27.0,27.0,1.0,0.8557993730407524,5.0,0.9579439252336449
27.0,28.0,1.0,0.8526645768025078,5.0,0.9626168224299065
27.0,29.0,1.0,0.877742946708464,5.0,0.9579439252336449
27.0,30.0,1.0,0.8714733542319749,4.0,0.9556213017751479
27.0,31.0,1.0,0.8714733542319749,5.0,0.9626168224299065
27.0,32.0,1.0,0.8683385579937304,5.0,0.9485981308411215
27.0,33.0,7.0,0.8697916666666666,5.0,0.9485981308411215
27.0,34.0,1.0,0.8463949843260188,4.0,0.9773175542406312
27.0,35.0,1.0,0.8463949843260188,5.0,0.9719626168224299
27.0,36.0,1.0,0.8840125391849529,4.0,0.9526627218934911
27.0,37.0,1.0,0.8557993730407524,5.0,0.9766355140186916
27.0,38.0,7.0,0.8697916666666666,5.0,0.9532710280373832
27.0,39.0,1.0,0.8463949843260188,5.0,0.9719626168224299
27.0,40.0,1.0,0.8620689655172413,4.0,0.9635108481262328
27.0,41.0,1.0,0.8526645768025078,5.0,0.9766355140186916
27.0,42.0,1.0,0.8620689655172413,5.0,0.9626168224299065
27.0,43.0,7.0,0.859375,5.0,0.9532710280373832
27.0,44.0,1.0,0.8840125391849529,5.0,0.9532710280373832
27.0,45.0,7.0,0.8697916666666666,2.0,0.9488636363636364
27.0,46.0,1.0,0.8620689655172413,5.0,0.9579439252336449
27.0,47.0,1.0,0.8307210031347962,5.0,0.9766355140186916
27.0,48.0,1.0,0.8557993730407524,4.0,0.9644970414201184
27.0,49.0,1.0,0.8495297805642633,5.0,0.9766355140186916
27.0,50.0,1.0,0.8652037617554859,5.0,0.9626168224299065
27.0,51.0,1.0,0.8589341692789969,5.0,0.9719626168224299
27.0,52.0,1.0,0.877742946708464,4.0,0.9506903353057199
27.0,53.0,1.0,0.8652037617554859,5.0,0.9532710280373832
27.0,54.0,1.0,0.8808777429467085,5.0,0.9579439252336449
27.0,55.0,1.0,0.8463949843260188,4.0,0.9733727810650887
27.0,56.0,1.0,0.8683385579937304,4.0,0.9566074950690335
27.0,57.0,1.0,0.8652037617554859,4.0,0.9556213017751479
28.0,0.0,1.0,0.8714733542319749,5.0,0.9532710280373832
28.0,1.0,7.0,0.875,4.0,0.9447731755424064
28.0,2.0,1.0,0.8620689655172413,5.0,0.9626168224299065
28.0,3.0,1.0,0.8746081504702194,5.0,0.9532710280373832
28.0,4.0,1.0,0.8683385579937304,4.0,0.9595660749506904
28.0,5.0,7.0,0.8489583333333334,5.0,0.9485981308411215
28.0,6.0,7.0,0.8489583333333334,5.0,0.9485981308411215
28.0,7.0,7.0,0.8489583333333334,2.0,0.9488636363636364
28.0,8.0,7.0,0.859375,2.0,0.9488636363636364
28.0,9.0,6.0,0.8708133971291866,2.0,0.9375
28.0,10.0,1.0,0.8589341692789969,5.0,0.9579439252336449
28.0,11.0,1.0,0.8652037617554859,5.0,0.9579439252336449
28.0,12.0,1.0,0.8244514106583072,4.0,0.9783037475345168
28.0,13.0,1.0,0.8683385579937304,4.0,0.9556213017751479
28.0,14.0,1.0,0.8746081504702194,5.0,0.9532710280373832
28.0,15.0,1.0,0.8495297805642633,5.0,0.9672897196261683
28.0,16.0,1.0,0.8463949843260188,4.0,0.9684418145956607
28.0,17.0,7.0,0.859375,5.0,0.9579439252336449
28.0,18.0,1.0,0.8652037617554859,5.0,0.9626168224299065
28.0,19.0,1.0,0.8557993730407524,5.0,0.9626168224299065
28.0,20.0,1.0,0.8683385579937304,5.0,0.9672897196261683
28.0,21.0,1.0,0.8557993730407524,4.0,0.9714003944773175
28.0,22.0,1.0,0.8432601880877743,5.0,0.9766355140186916
28.0,23.0,1.0,0.8463949843260188,4.0,0.9694280078895463
28.0,24.0,7.0,0.875,5.0,0.9532710280373832
28.0,25.0,7.0,0.8697916666666666,5.0,0.9626168224299065
28.0,26.0,1.0,0.8683385579937304,5.0,0.9672897196261683
28.0,27.0,1.0,0.8746081504702194,5.0,0.9672897196261683
28.0,28.0,1.0,0.8557993730407524,4.0,0.9585798816568047
28.0,29.0,1.0,0.8652037617554859,4.0,0.9615384615384616
28.0,30.0,1.0,0.8432601880877743,4.0,0.980276134122288
28.0,31.0,1.0,0.8463949843260188,5.0,0.9672897196261683
28.0,32.0,1.0,0.8557993730407524,5.0,0.9719626168224299
28.0,33.0,1.0,0.8714733542319749,5.0,0.9579439252336449
28.0,34.0,7.0,0.8697916666666666,5.0,0.9579439252336449
28.0,35.0,7.0,0.875,2.0,0.9545454545454546
28.0,36.0,7.0,0.8645833333333334,5.0,0.9485981308411215
28.0,37.0,7.0,0.8802083333333334,5.0,0.9439252336448598
28.0,38.0,7.0,0.8697916666666666,4.0,0.9487179487179487
28.0,39.0,1.0,0.8526645768025078,5.0,0.9672897196261683
28.0,40.0,1.0,0.8683385579937304,5.0,0.9532710280373832
28.0,41.0,1.0,0.8589341692789969,4.0,0.9644970414201184
28.0,42.0,7.0,0.8645833333333334,5.0,0.9626168224299065
28.0,43.0,7.0,0.8385416666666666,2.0,0.9488636363636364
28.0,44.0,1.0,0.8589341692789969,5.0,0.9672897196261683
28.0,45.0,1.0,0.8526645768025078,4.0,0.965483234714004
28.0,46.0,1.0,0.8401253918495298,5.0,0.9766355140186916
28.0,47.0,1.0,0.8526645768025078,4.0,0.9723865877712031
28.0,48.0,1.0,0.877742946708464,5.0,0.9579439252336449
28.0,49.0,1.0,0.8432601880877743,4.0,0.9763313609467456
28.0,50.0,1.0,0.8652037617554859,5.0,0.9672897196261683
28.0,51.0,1.0,0.8589341692789969,5.0,0.9719626168224299
28.0,52.0,1.0,0.8620689655172413,5.0,0.9766355140186916
28.0,53.0,1.0,0.8620689655172413,5.0,0.9672897196261683
28.0,54.0,1.0,0.8714733542319749,5.0,0.9485981308411215
28.0,55.0,1.0,0.8589341692789969,4.0,0.9575936883629191
28.0,56.0,1.0,0.8401253918495298,4.0,0.9694280078895463
28.0,57.0,1.0,0.8150470219435737,4.0,0.980276134122288
29.0,0.0,1.0,0.8683385579937304,5.0,0.9626168224299065
29.0,1.0,1.0,0.8432601880877743,5.0,0.9813084112149533
29.0,2.0,1.0,0.8714733542319749,5.0,0.9672897196261683
29.0,3.0,7.0,0.8802083333333334,5.0,0.9485981308411215
29.0,4.0,6.0,0.8803827751196173,5.0,0.9485981308411215
29.0,5.0,1.0,0.8746081504702194,5.0,0.9672897196261683
29.0,6.0,1.0,0.8683385579937304,4.0,0.9595660749506904
29.0,7.0,1.0,0.8401253918495298,4.0,0.9704142011834319
29.0,8.0,1.0,0.8683385579937304,5.0,0.9579439252336449
29.0,9.0,1.0,0.8432601880877743,5.0,0.9766355140186916
29.0,10.0,1.0,0.8683385579937304,4.0,0.9487179487179487
29.0,11.0,7.0,0.8854166666666666,4.0,0.9398422090729783
29.0,12.0,1.0,0.8526645768025078,5.0,0.9766355140186916
29.0,13.0,1.0,0.8746081504702194,4.0,0.9526627218934911
29.0,14.0,1.0,0.8840125391849529,4.0,0.9487179487179487
29.0,15.0,1.0,0.8620689655172413,5.0,0.9626168224299065
29.0,16.0,7.0,0.8645833333333334,2.0,0.9545454545454546
29.0,17.0,1.0,0.8463949843260188,4.0,0.9694280078895463
29.0,18.0,1.0,0.8495297805642633,5.0,0.9672897196261683
29.0,19.0,7.0,0.859375,5.0,0.9485981308411215
29.0,20.0,1.0,0.8683385579937304,5.0,0.9626168224299065
29.0,21.0,1.0,0.8432601880877743,4.0,0.9723865877712031
29.0,22.0,1.0,0.8338557993730408,4.0,0.9694280078895463
29.0,23.0,1.0,0.8275862068965517,4.0,0.980276134122288
29.0,24.0,1.0,0.8652037617554859,4.0,0.9644970414201184
29.0,25.0,1.0,0.8808777429467085,4.0,0.9506903353057199
29.0,26.0,7.0,0.8697916666666666,5.0,0.9392523364485982
29.0,27.0,7.0,0.8697916666666666,5.0,0.9485981308411215
29.0,28.0,1.0,0.8432601880877743,4.0,0.9733727810650887
29.0,29.0,7.0,0.8645833333333334,4.0,0.9506903353057199
29.0,30.0,1.0,0.8746081504702194,4.0,0.9497041420118343
29.0,31.0,7.0,0.875,4.0,0.9506903353057199
29.0,32.0,1.0,0.8714733542319749,5.0,0.9626168224299065
29.0,33.0,1.0,0.8714733542319749,5.0,0.9719626168224299
29.0,34.0,1.0,0.8714733542319749,4.0,0.9644970414201184
29.0,35.0,1.0,0.8589341692789969,5.0,0.9719626168224299
29.0,36.0,1.0,0.8620689655172413,4.0,0.9674556213017751
29.0,37.0,1.0,0.8808777429467085,5.0,0.9672897196261683
29.0,38.0,1.0,0.8526645768025078,5.0,0.9719626168224299
29.0,39.0,1.0,0.8369905956112853,4.0,0.9763313609467456
29.0,40.0,1.0,0.8369905956112853,4.0,0.97534516765286
29.0,41.0,1.0,0.8401253918495298,4.0,0.9714003944773175
29.0,42.0,1.0,0.8495297805642633,5.0,0.9719626168224299
29.0,43.0,1.0,0.8369905956112853,4.0,0.9822485207100592
29.0,44.0,1.0,0.8463949843260188,5.0,0.9766355140186916
29.0,45.0,1.0,0.8683385579937304,5.0,0.9672897196261683
29.0,46.0,7.0,0.875,4.0,0.9506903353057199
29.0,47.0,1.0,0.8557993730407524,5.0,0.9579439252336449
29.0,48.0,1.0,0.8526645768025078,5.0,0.9672897196261683
29.0,49.0,1.0,0.8589341692789969,5.0,0.9579439252336449
29.0,50.0,1.0,0.8840125391849529,5.0,0.9579439252336449
29.0,51.0,1.0,0.8652037617554859,5.0,0.9626168224299065
29.0,52.0,1.0,0.8557993730407524,5.0,0.9719626168224299
29.0,53.0,1.0,0.8840125391849529,5.0,0.9532710280373832
29.0,54.0,1.0,0.8307210031347962,4.0,0.9822485207100592
29.0,55.0,7.0,0.859375,5.0,0.9532710280373832
29.0,56.0,7.0,0.875,5.0,0.9579439252336449
29.0,57.0,1.0,0.8714733542319749,5.0,0.9672897196261683
